userName,score,at,content
damar tirta,1,2026-05-10 09:52:18,aplikasinya ribet!!!. masa mengatur email error terus tulisannya. diperbaiki dong bug nya.
Aris Munandar,5,2026-05-10 09:51:17,ok
Friza,1,2026-05-10 09:51:14,apk ribet gjls tll
Hendra Enda,1,2026-05-10 09:50:51,sangat bermempaat
Sulyati Sastrowardoyo,5,2026-05-10 09:49:26,pengalaman ber blanja di onlaen.sangat membantu konsumen dan harga banyak yg terjangkau kaum standar 🙏🏻👍
Fauzy Nailul,5,2026-05-10 09:49:22,mantap
Nani_ Norliani,1,2026-05-10 09:46:06,BURUK
Almira,1,2026-05-10 09:43:13,shopee bikin kecewa pesan dari jaman kapan kaga Dateng dan kurir y pada songong ap lagi atas nama bang bang itu kurir kurang ajar ngomong y ga sopan
Inf Nix,5,2026-05-10 09:42:50,gacor dah pokoknya
Abi Manyu,4,2026-05-10 09:42:11,akunnya ke logout sendiri woyy balikin
lilis junarti,5,2026-05-10 09:37:29,menyenangkan
Guan Baraqbah,1,2026-05-10 09:35:51,"SANGAT TIDAK MANUSIAWI BUAT DI JADIIN LAPAK SELLER YG KECIL. Biaya layanan, administrasi, biaya pesanan, cuma jual barang harga 225rb aja cuma bisa keterima 181rb. PARAH BANGETT."
Ida Fariati,5,2026-05-10 09:35:07,bagus banget recomended
Cowboy Wrangler,5,2026-05-10 09:31:26,Oke sangat memudahkan dalam belanja.
Hulta Wati,5,2026-05-10 09:29:43,"aplikasi jasa jual yang sangat bagus, amanah dan terpercaya"
Ssasafu,1,2026-05-10 09:29:08,Aplikasinya makin gajelas. Promo blm digunakan sama sekali tdk bisa . Dikira kita download aplikasi ini buat mempermudah malah mempersulit!!!!!Uninstall aja ni aplikasi 😡
Jusman Mas'ing,5,2026-05-10 09:27:55,Shopee Mantap
Helliyatul Aulia,5,2026-05-10 09:25:25,sangat cocok untuk aplikasi Shopi
hafiza,5,2026-05-10 09:24:58,bagus
saki assa,5,2026-05-10 09:20:15,lancar ....aman
Karmel Tampubolon,1,2026-05-10 09:19:18,tidak ada solusi paket yg dikembalikan secara sepihak tampa sepengetahuan saya
Lana frt,5,2026-05-10 09:18:54,keren
Muhammad Thaher,5,2026-05-10 09:17:35,pilihan belanja yg baik dan simple.
Zidan DANZZ,5,2026-05-10 09:16:57,saya memilih shopee karena sangat terjamin
Candra Wijaya,5,2026-05-10 09:13:34,bagus sekali
Erich Pratama,5,2026-05-10 09:09:52,saran lebih baik untuk expedisi JNE YES di hilangkan karena terlalu banyak masalah lewat estimasi dan merugikan konsumen akhirnya
Mikha Dh,5,2026-05-10 09:09:42,useable
Surani Maniki,5,2026-05-10 09:09:38,Alifa
B Siahaan,2,2026-05-10 09:08:06,Dulu aplikasi ini sangat saya favoritkan. Seiring waktu sering update yg tidak jelas apa yg di update akhirnya aplikasinya semakin berat dan lemot. menguras batre. Terakhir menjadi aplikasi yg yg saya benci...
Op al,5,2026-05-10 09:05:52,nih aplikasi Napa sih anj ada iklan mulu di manapun mau di web apa ada mulu udah gitu tanda x nya boong setan
Aliya Fazila,5,2026-05-10 09:04:34,"bagus, tp tolong iklanny muncul dimna² gjls bgtt segituny mau ngepromoin lgi nnton film ga ada pencet apa apa iklanny muncul tolonglah 🙂"
シsafira_firaaa,2,2026-05-10 09:03:05,"saldo pay ku berkurang alias ga ada riwayatnya juga ga ada, sartu lagi itu alamat pengiriman udah ku ganti. malah balik lagi pa maksutnya"
Dalton 1987,5,2026-05-10 09:02:27,sangat puas
Jadoel Sigit,5,2026-05-10 09:01:27,"belanja disini bikin males,,,,,,, males berhenti scroll buat liat barang yang lain☺ .... banyak discount dan promonya, harga relatif lebih murah, pengiriman lancar, kang kurir nya juga baik. semoga Shopee tetap jadi yang terbaik 👍💯"
Ihah Muflihah,5,2026-05-10 09:00:45,Barang nya ok..sudah saya gunakan.
Raider Kamen,1,2026-05-10 09:00:05,"wah parah sih manipulasi data keuangannya kelihatan banget merugikan banyak mitranya mulai dari seller sampai affiliator terdampak parah,kebijakannya berbau korupsi !"
Ara Lara,2,2026-05-10 08:59:49,"pengiriman nya lambat sangat lambat, paket saya sering hilang, datang paket tidak sesuai tanggal l"
Bocah Dayak,5,2026-05-10 08:59:14,"sudah sangat lengkap dan mudah berbelanja disini opsi pengiriman instan juga mantap, bagus banget"
kakzin channel,5,2026-05-10 08:57:44,cepat proses nya
yudha adhstira,5,2026-05-10 08:56:36,sangat membantu belanja di shopee👍👍👍
Teguh Ambar setiawan,5,2026-05-10 08:55:31,besttt pokoknya aplikasi shopee selalu puas belanja di shopee mantapp thx shopee
Ari Senjaya,1,2026-05-10 08:54:13,parah shopee sekarang karang ini.barang yang saya pesan udah di gudang wilayah(ciracas jakarta timur)dan status akhir dalam pengantaran kurir ke alamat tujuan sampai dua kali.dan balik ke gudang lagi.saya nunggu sampai dua hari di rumah.dan hasilnya kecewa berat.chat ke castomer servis juga percuma hasilnya.mau ngambil ke gudang kaga bisa ke ambil.mendigan bubar aja shopee kalau begini
Rizki Kisaran,1,2026-05-10 08:51:20,"bisa gak sih iklan nya jangan shope terus di aplikasi lain, itu pun gak ada kepencet tiba tiba masuk ke aplikasi shope jadi risih jadinya"
Andhika Tri pamungkas,1,2026-05-10 08:51:19,aplikasi nya keren banget serba murah
Nanda Safriani,5,2026-05-10 08:49:49,Google bgt
deevv,1,2026-05-10 08:45:09,error
Luki Tanti,5,2026-05-10 08:42:53,cukup baik
Always,3,2026-05-10 08:42:30,tolong segera di tindak lanjuti pengiriman ke Lampung itu lama nya minta ampun nanti giliran paket udah Dateng uang nya udah kepake masa mau gini terus sampe satu Minggu belum nyampe nyampe
Zul-86,5,2026-05-10 08:41:57,Berharap spaylater sm spinjam bisa di aktifkan kembali..🙏
Muhibbah 1209,5,2026-05-10 08:40:49,"udah puluhan tahun menggunakan shopee,pembayaran,pengembalian semuanya aman,barang tidak sesuai tinggal kembalikan dana,dan shopee selalu membantu prosesnya ratusan barang udah dibeli sesuai kebutuhan."
archianajaem,5,2026-05-10 08:38:22,"pakai aplikasi ini semuanya terjangkau, banyak diskon/voucher, harga bisa berkurang jika Anda mengumpulkan koin dan pakai koin tsb, best deh pokoknya"
MeiReza Maulana,1,2026-05-10 08:38:20,knp dah setiap mau bayar pake voucher lama bgt loadingnya padahal jaringan bagus jg😤
Keny Oktaviani,5,2026-05-10 08:37:54,bagusssssssss
Hendi Tresnawan,4,2026-05-10 08:30:12,"sebenarnya sih sudah bagus tapi kekurangan nya gabisa cod min, alasannya ""alamat anda tidak mendukung cod"""
glittany glittany,5,2026-05-10 08:27:20,suka sekali Belanja Disinii!!!
Muhammad Mifta,1,2026-05-10 08:22:00,"Update yg baru bkin rese nunggu view product nya,"
fadli Azaln,3,2026-05-10 08:20:19,saya jadi gak semangat belanja di sohpe semenjak pengiriman lama dan kurir tempat saya lama selalu tertunda Mulu jadi mals belanja di sohpe sekarang
Muhammad Muhammad,1,2026-05-10 08:19:19,paket gw lama kali datang nya ajg
siti samhah,5,2026-05-10 08:17:46,shopy terpercaya amanah mantap
abdur rohim,1,2026-05-10 08:14:30,"Ini sih GILA BANGET, hub dan pengiriman di shopee SUPER LAMA dibandingkan aplikasi lain. Makin ke sini paket sering ditahan2 padahal lokasi sudah dekat. Saya member PLATINUM hampir tiap hari order di shopee dan berdasarkan pemantauan saya ternyata pengiriman paket selalu dipaskan / digabung dengan paket paling terakhir saya. GILA KALIAN! tau gini saya order 1x aja di shopee biar pengirimannya gak ditunda2 kah? itu maunya? manajemen aneh mau efisiensi tapi merugikan pembeli!"
Yuliana Sekartaji,1,2026-05-10 08:13:05,"aneh beli tertulis haraga 81 ribu , trus di bawah total jd 91 ribu , eh pas sub total jd 108 ribu , semua itu di total dr mana kan tertulis harga 81 kok bisa ada tambahan lain2 , pdahal harus nya harga segitu , kalau di potong voucher 2 jd berkurang bnyk lho ada voucher 15 ribu dr toko , ada voucher dr diskon 25 ribu harus nya jd di bawah 81 ini malah jdi hampir 90 , males di Shopee skrng , bingung ngitung nya"
Yulia Yuli,5,2026-05-10 08:08:51,"shopy semakin kesini makin gak jelas,, barang sya sudah mau diantar ada aja kendalanya, dan akhirnya dikirim Lgi kembali ke toko,😮‍💨"
Afgan Ganteng,1,2026-05-10 08:08:14,"resah ini aplikasi,mengganggu dmna mana ada iklan"
Tin Kartini,5,2026-05-10 08:02:48,sangat membantu dan saya puas
Jefry Syahriel,5,2026-05-10 08:02:02,sangat membantu saya dapet spaylater mantab
Fatah Fikri,1,2026-05-10 07:59:11,"makin jelek shopee... dari segi pelayanan jgn ditanya jelek bgt... trs sekarang kenapa halaman notif diubah si dah bgs dipisah kanan kiri... kiri untuk pembeli kanan untuk toko eh sekarang dicampur mana ga bisa dihapus lagi notif nya jadi bertumpuk"""
Sky Hashira,1,2026-05-10 07:55:39,aplikasi ribet
Sri Mulia07,5,2026-05-10 07:52:55,shopee mantap pengiriman cepat
Deja Vu,5,2026-05-10 07:51:43,"Aplikasi belanja nomor 1 di Indonesia krn kemudahan transaksinya, tdk perlu belanja 50 ribu agar free ongkir. Didukung pembiayaan paylater yg bagus, tdk mengenakan bunga jika dibayar bulan depannya, beda sekali dgn gopay later. ... Setelah update besar kemarin ada perubahan di status transaksi dan masih ada bug nya, transaksi yg sdh lama selesai, selalu muncul notifikasi akan dikirim hari ini terus.."
Marta Lestari8,1,2026-05-10 07:50:45,aplikasi terburuk.. paket gak dateng dateng.. ujung ujungnya tanpa pemberitahuan diretur.. udah 2 kali kejadian.. mending gak usah pakai shopee.. kalo gak niat kirim gak usah nawarin jasa kirim kalo ujung ujungnya bikin kecewa
rusli dkb,5,2026-05-10 07:48:59,mantap
Salbia Pnk,5,2026-05-10 07:48:18,bagusss bangeeet
Masz imron #31,1,2026-05-10 07:48:04,"kurirnya yang kerja di spx sokobanah 3hub tidak ada konfirmasi,dan paket di retur tanpa adanya konfirmasi terlebih dahulu,"
Perdi Febrio,1,2026-05-10 07:41:41,"Iklan mengganggu, dipaksa buka aplikasi, iklannya juga lama, tidka bisa diskip,"
Wiekoag 92,5,2026-05-10 07:38:34,lebih baik dari sebelah
Hanif Ramadhan PC,5,2026-05-10 07:37:33,Good
Pemula Gamer's,1,2026-05-10 07:33:34,"main shopee koin, udh dpt nya kecil, dpt susah juga, mending di hapus aja,"
Reno Barak,5,2026-05-10 07:33:27,so good
ucu halimah,5,2026-05-10 07:31:36,keren
Meiko Bukusu,5,2026-05-10 07:31:32,good
Yunita Nita,5,2026-05-10 07:31:10,"saya senang berbelanja di shopee,harga terjangkau dan cepat pengiriman nya."
Riska Afriyanti,4,2026-05-10 07:25:34,best
bain benz,1,2026-05-10 07:21:12,banyak yang tak sesuai
Gama Dwipa,1,2026-05-10 07:19:20,"makin kedepan shopee,makin super lelet pengantarannya.harus nunngu seminggu baru sampai paket nya.bikin kecewa pelanggan kalo terus seperti ini."
Usman Duatiga,4,2026-05-10 07:18:15,mudan dan enak belanja
Zulkarmisan Bin Majid,5,2026-05-10 07:17:33,mantap
abdullah habib,2,2026-05-10 07:17:32,biaya pelayanan terlalu besar.
Intan Desa,5,2026-05-10 07:15:47,ragam barang termasuk IT dan inovasi yang lengkap dengan harga mix yang seperti diobral dalam mempertahankan user dan penjual..= cerdas 👍👍👍👍👍
Kucing usil,4,2026-05-10 07:15:23,"kenapa di bulan ini pesanan saya banyak yang stuck bahkan sampe telat melebihi estimasi yg di tentukan buah mangga ku sampe busuk,biasanya 4 hari sampe ke Lampung tapi bulan ini paketku udah 15 hari GK jalan2 mogok di bandar Lampung,ini yg salah pihak shope apa kurirnya ya kadang suka kesel. udah aku laporin ke cs shopee tetep GK berpengaruh, tapi sepertinya ini yg lelet cuma ke arah Lampung aja kayaknya. plis ya di perhatikan lagi😟"
Iskandar Zulkarnain,5,2026-05-10 07:12:42,tidak bisa login dengan nomor handphone.... mohon bantuannya.
Aning Brata,5,2026-05-10 07:10:59,bagus
Dean Karna,5,2026-05-10 07:09:56,"Shoope dapat memudahkan kita dalam berbelanja online,dan dapat diskon setiap hari nya, pokoknya shoope mantapp😎😎🔥🔥❤️❤️"
Supardi,5,2026-05-10 07:07:28,belanja di shopee banyak pilihan dan harga menarik
muhammad nasa,5,2026-05-10 07:06:04,sangat membantu dlm belanja online
M Hafiz,1,2026-05-10 07:05:12,"entah kenapa sekarang pengirimannya terasa lebih lambat, seperti memang di sengaja, apalagi pada barang yg sudah di bayar dahulu pengirimannya lebih lama dari pada barang yang cod, seperti barang yg di tunda di kirim ke daerah selajutnya, terutama di daerah Indragiri hilir Kateman, barang bisa nyangkut di situ berhari-hari bahkan sampai lewat estimasi baru di kirim, ntah kenapa ngerasa shopee ga kaya dulu yg pengiriman selalu cepat dan tepat waktu, sekarang terasa lambat. mohon utk diperbaiki lg"
Purnomo Sidi,1,2026-05-10 07:00:19,sekarang shope pengiriman lambat banget
Gilbert Situmorang,4,2026-05-10 06:59:10,DX ni
Nopi Lestari,2,2026-05-10 06:57:54,kenapa gak bisa cod
Lisa Aliza,5,2026-05-10 06:55:53,"pelayanan cepat, kurir sangat ramah"
Sulhi Rahmat,3,2026-05-10 06:53:27,shopee sekarang bener bener ngelag abisss
Siti Aisah,5,2026-05-10 06:52:37,"Alhamdulilah dengan adanya shopee memberikan kami kemudahan dalam membeli barang. yang kadang ada, tapi sulit untuk kami temukan. jadi shopee sangat-sangat membantu bagi kami ibu rumah tangga dan sekali gus sebagae UMKM dalam mencari keperluan-keperluan produk kami, terima kasiiih shopee, semoga semakin banyak cara atao ide dari shopee untuk meringankan kami yang sebagae konsumen🙏🙏"
Anthon Amex,3,2026-05-10 06:47:22,Banyak drama. ngirim dari KAB. Indramayu ke KEC. Jatibarang - KAB Indramayu. Harus muter-muter ke Cirebon dulu. Nggak jelas banget 🤣🤣🤣 Padahal masih satu KABUPATEN. Apa hubungannya coba ke Cirebon² 🤔🙄🤭 Shopee memang LUAR BIASA 👍🏻👍🏻👍🏻
Tri Widiyanto Tri Widiyanto,4,2026-05-10 06:46:33,"pantesan sekarang retingnya turun, soalnya pengiriman paketnya jadi lama, nga kek dulu lagi! dulu pling lama nyampe Lampung 4 udh d trima paketnya, nga kek sekarang 1 Minggu baru nyampe! pantesan aj kalah cpet sama toko sblh, tolong lah seperti dulu lagi"
Asaa,1,2026-05-10 06:46:26,"sebagai penjual sedih banget kalo paket asal diretur tanpa alasan , padahal pembeli belum nerima paketnya sama sekali , padahal ternyata paketnya hilang, kecewa bgt mana proses nya lama"
Suratno Jwk,5,2026-05-10 06:45:58,puas banget
debi Novian1125,5,2026-05-10 06:45:30,menarik apa bila dari layanan penjualan market shopee pey sebagai konsumen terbesar toko layanan terbaik di seluruh indonesia aset jual beli produk penjualan online terbaik bagi masyarakat saat ini.
Jaka Permana,5,2026-05-10 06:45:00,sangat membantu
M. Fadlo Robby,5,2026-05-10 06:43:21,Karna gw lagi ada rezeki trus pengen beli keperluan sekolah jadi gw download dulu ni apk untuk sementara. edit: nih udah gw tambahin
51GM4 B0Y,5,2026-05-10 06:42:04,mantap lee 🔥
Layyinatus Shafiyah AM,5,2026-05-10 06:41:55,"ini kenapa ya setiap saya mau mengajukan pinjaman di Shopee slalu di tolak padahal saya ga ada pinjam apa² bayar juga slalu jauh sebelum tempo udah 3 kali di tolak, tolong dong min di benerin lagi, masak nunggu bulan depan lagi"
Imam Balong,5,2026-05-10 06:41:31,belanja jadi mudah nyari barang ga harus keliling2.
Mobile Legend,1,2026-05-10 06:40:16,seeee. c xcvgggffffftt
Syarifah 30,5,2026-05-10 06:40:15,Masyallah bagus dan praktis untuk membeli kebutuhan barang pribadi
Eka Miswarita,5,2026-05-10 06:36:50,soppy the best
Abiwada Chanel,5,2026-05-10 06:35:45,barang sesuai dengan foto.... sekarang belanja di shoope barang nya bagus2
Febri Nuria Anna,5,2026-05-10 06:35:39,aku sukaaaa
Riki riki,5,2026-05-10 06:34:13,riki hanum
Kera Sakti,5,2026-05-10 06:31:47,Terimakasih gugel play atas aplikasih dan game yang kau berikan ke pada semuanya. Terima kasih.
Andi Ramdhani,5,2026-05-10 06:28:57,belanja hemat dengan potongan diskon
Astri 0925,4,2026-05-10 06:28:27,bgusssss mantappp
Darfin Gappa,5,2026-05-10 06:25:59,ok
nazril ilham,1,2026-05-10 06:25:07,jan ang spam iklan tu
Jalu Wardhana,5,2026-05-10 06:24:11,Baru pertama pakai Shopee 👍
Muhammad Imron,3,2026-05-10 06:17:07,"tolong shopee tingkatkan keamanan nya, soalnya saldo saya tanpa pengetahuan saya berkurang, itu ga sedikit 😭"
Tahany Syakira,5,2026-05-10 06:12:20,pkek bgt
Nur Arif,3,2026-05-10 06:10:53,"nggak tau kenapa makin lambat, beberapa kali pengiriman telat, baru tiga hari sudah di tangan kurir. apa ini ada kaitannya dengan masalah BBM dan selat Hormuz? jangankan paket telat bukan pre order, aplikasi aja lambat."
Yudi Bastian,5,2026-05-10 06:10:47,puas pakai shopee
Biksu Tang,5,2026-05-10 06:00:52,mantap banyak gratisan
Yariska Nadhifatul,5,2026-05-10 06:00:32,sangat bermanfaat
Robitoh Obit,4,2026-05-10 06:00:00,bgus banget apk shopee ak beli di tiktok sama di shopee murahan shopee jd bgus banget lahh
Senja Nopiana,5,2026-05-10 05:57:45,"cuma sekarang agak lambat pengiriman nya ya,,"
Nasrun,5,2026-05-10 05:57:40,aplikasinya bgus
Nur izzati Khodijah,5,2026-05-10 05:51:40,luar biasa
Nanazasaki Itsukayuzu (Nanayu),1,2026-05-10 05:50:00,saya sarankan jangan terima toko gak jelas contohnya seperti yang saya alami masa pesanan saya estimasi nya lama sekitar 1 bulan gila saya pesan barang tgl 5 mei eh pihak penjual membuat estimasi datang 12 - 15 Juni gokil tolong pihak shopee tolong bantu saya ini no pesanan saya 260505JWNRKNGX
Yusra ucok,5,2026-05-10 05:47:10,terimakasih
Deddi edwar,5,2026-05-10 05:46:09,is hot video
Elivia _yours,5,2026-05-10 05:44:24,ini aplikasi sangat bagus baru nge DOWNLOAD BELANJAAN LANG SUNG ADA YANG GERATIS
beni kbd,5,2026-05-10 05:40:50,good
Hamka Hamka,5,2026-05-10 05:37:39,👍🏻
Arkanza Rafaizan,5,2026-05-10 05:35:25,"shopee merupakan online shop yg sangat berkualitas, tokonya pada amanah, pelayan shopeenya sangat memuaskan. serta tidak bikin ribet, jika adh barang yg diretur proses muda ongkos di tanggung shopee."
pepep witarsa,5,2026-05-10 05:29:38,shopee amanah
Lela Hasanah,1,2026-05-10 05:22:09,"jika terlalu banyak pesanan, fitur COD hilang"
Sapto Prastiyo,5,2026-05-10 05:06:06,sangat bagus
Bonar Gultom,5,2026-05-10 05:05:06,ok
Syar Hanaida,5,2026-05-10 04:39:28,shopee is the best. sukses selalu
Intan Seftiana,5,2026-05-10 04:38:23,good
Nur aulia Bima,2,2026-05-10 04:23:27,ongkir mahal bgt
Gusdur Jayusman,5,2026-05-10 04:18:05,sippp mantap
Silviadwipransiska,5,2026-05-10 04:15:42,"terima kasih shopee telah memudahkan saya berbelanja barang di online, murah meriah, tapi saat cod di ongir itu terlalu mahal bahkan bisa 2× lipat dari harga barang yg dibeli, knp saya kasih bintang 5? karna biasanya bintang dibawah tidak dibaca"
Mas Udin,5,2026-05-10 03:34:06,wayu
Eri Han,2,2026-05-10 03:33:53,"Kenapa fitur ""blokir pengguna"" dihilangkan??? ""Laporkan pengguna"" bolak-balik nggak ada tindakan sama sekali!"
Mutya Ramadhani,1,2026-05-10 03:31:08,buat login ke akun sendiri susah
Maria Saturns,1,2026-05-10 03:24:39,kok ga bisa cod lg di hp lain
Agung 77,1,2026-05-10 03:21:27,"apa lah paylater ga bisa di pake. padahal kmrn"" aman. tau"" notif tgl skian trus udh smpe 1 bulan ga kena"
Al Ikram,5,2026-05-10 03:12:51,good job
Rifki Hidayatullah,1,2026-05-10 03:10:05,"sekarang datang nya lama nyampe 5hri, gak kaya dulu 2hri udh sampe🙏"
Fitria “La la heart” Zu,1,2026-05-10 03:01:07,"Najis bet ada limit cod nya, padahal selalu ku bayar tapi limit, ngapain coba pake limit cod? semenjak akun ku ga bisa cod aku ga pernah belanja di shopee lagi, terusin aja gitu biar ga banyak yang pakai shopee lagi"
MOHAMMAD RIFKI SENTOSA,2,2026-05-10 02:58:13,bagus sekali sqngqt puqs
Panji Setio,5,2026-05-10 02:57:43,bagus
Wahyu Sanjaya,5,2026-05-10 02:55:10,ok lah pokoknya
Gallround 9577,5,2026-05-10 02:51:15,sesuai harapan
Lum siah,1,2026-05-10 02:37:21,ka gimana si ini shope makin kesini makin kesana.. saya hapus aplikasi ini Shope terus saya download lagi gatau saya lg bleng malah saya bikin akun baru lagi.. nah saya cari cari baru ketemu tuh akun lama saya pas saya mau pesan via cod kenapa harus vertikasi terlebih dulu sama foto wajah dan ktp ribet amat padahal saya mau belanja loh shopee itu makin aneh saya mah.. dulu shpylater saya gara gara ga inget nomor sampe skrng daftar lagi gabisa padahal saya masih bagus pembayaran lancar tiap bulan
Fajar Romandhon,5,2026-05-10 02:32:47,baik
Riki Junaedi,5,2026-05-10 02:27:34,sangat bagus barang barang nyasemoga selalu seperti itu
Mas Han,4,2026-05-10 02:15:33,bintang 4 aja soalnya jarang di pake bagus si bagus🗿🤣
Hafidz Maulana Kamal,1,2026-05-10 02:10:54,buruk
yanu ari,5,2026-05-10 02:00:49,Ok bgt
Fahrul Ulum,5,2026-05-10 01:55:28,aplikasi yang sangat membantu
Budi Aja,5,2026-05-10 01:48:32,sangat baik dn aman..pastinya lengkap
Hanief Izhar,1,2026-05-10 01:41:57,bonus koin Saya tidak dapat padahal saya sudah memvideokan barang dengan ketentuan yang ada
Ifan ali Alfatani,4,2026-05-10 01:41:18,ok
Maman Suhaman,5,2026-05-10 01:40:36,Nice App nich sangat membantu saya
Risky Kiki,5,2026-05-10 01:31:21,sangat membantu saya dalam belanja online
Dhaifan adhha,1,2026-05-10 01:25:39,iklan kau meganggu kali
Ku Naon,5,2026-05-10 01:22:45,saya sangat percaya belanja d shopee karena dia bertanggung jawab terhadap konsumen terimakasih sudah membantu dan amanah nyah sukses selalu dan jaya terus semoga panjang umur dan berkah selalu
Muhammad Nurhusein,5,2026-05-10 01:21:28,"cm mau bilang...tolong lebih teliti dengan orang"" yg Masang iklan...karna masih banyak yg bermain"
Anita Rahmawati,1,2026-05-10 01:19:26,"oy shope iklan nya kurangin apa ganggu aja lagh enak""baca wp gk sentuh gk apa tiba'masuk aja ama apk ini kurangi lah :)plisss lah iklan blm ilang bikin kesel aja tau gk lama'uninstal nih"
Jaka Riya,5,2026-05-10 01:15:18,bagus
Ayu Soraya,5,2026-05-10 01:07:08,berguna sekali
secret 123,1,2026-05-10 01:04:36,iklan apknya maksa masuk mulu
Rahmat Hoirudin,1,2026-05-10 01:03:21,aplikasinya ngebug woi
Putri Asifa,5,2026-05-10 01:02:46,semoga jaya slalu
Sadam Sadam,5,2026-05-10 01:01:56,mantap
Asep Hilwan,5,2026-05-10 00:59:26,sangat baik dan cepat
Kevin adigalangkb,1,2026-05-10 00:55:15,APLIKASI BOBROK
Yhanaabdhy,5,2026-05-10 00:54:51,barangnya bagus bagus dan ori...terbaik
aLLtresno 84,5,2026-05-10 00:52:25,"Bagi saya sejauh ini shopee udah bagus dan baik bgt,saran aja buat shopee kalau bisa app shopeepay nya di gabung aja gak usah di pisahin app kan pungsinya sama aja ke shopee 2 juga jadi di hp nya gak kebanyakan apk. cukup shopee sama seabank aja. trimakasih"
Heri 87,5,2026-05-10 00:51:22,membantu
Muhamad Afrizal,3,2026-05-10 00:41:51,ini shopee ama shopeepay kenapa deh font nya sesuai ya tulisannya selalu kurang jadi titik titik belakangnya seolah ga muat
Bambang Setiawan (Bim_Bim),1,2026-05-10 00:41:24,"shopee pay later saya ga bisa lagi di pakai semenjak pernah telat bayar, padahal selalu di bayar biarpun suka telat karena gajian tanggal 30"
Akhmad Khisbullah,1,2026-05-10 00:32:40,"Menyakitkan difitnah kurir, bilang barang ditolak, ditolak apanya, ditungguin dari pagi sampe malam. liat status bilangnya ditolak pembeli. yang bener cari pegawai kurir. atau management nya aja yang bobrok"
Srikandi Srikandi,5,2026-05-10 00:31:31,saya senang blnja dishopee
Saman 123,5,2026-05-10 00:29:24,Berfungsi baik
Joni Saputra,5,2026-05-10 00:27:39,suka nonton live shopee karena banyak dapat bonus selain koin penjualan bnyk discon
Udi Nugroho,4,2026-05-10 00:26:03,cepet dan nggak ribet
Randi 123,1,2026-05-10 00:23:29,"senapan angin 4,5 bukan barang ilegal dan bebas digunakan di indonesia, kenapa shopie melarang pejualan senapan angin"
Maksum Busana,5,2026-05-10 00:22:07,pokonya luar biasa bermanfaat
M. Raihan,5,2026-05-10 00:19:20,"ok,,,,senang belanja di shopee."
Nanik Maulida,5,2026-05-10 00:12:49,DAPAT KEMUDAAN DALAM BELANJA JUGA DAPAT VOUCHER DAN GRATIS ONGKIR SEMOGA KEDEPANNYA SHOPEE TAMBAH SUKSES DAN MAJU JUGA MAKIN BANYAK PELANGGANNYA.
Pinky_sslime,5,2026-05-10 00:12:20,bgus bgt cocok banget
Diamante,1,2026-05-09 23:59:50,"shopee kurang"" in dong iklanmu diaplikasi lain. ganggu banget sumpah ga di klik juga malah kebuka"
Adikke Dikka,5,2026-05-09 23:55:55,membantu penjual kecil
GUNAWAN GUN,5,2026-05-09 23:55:33,sangat bermanfaat
Samsungin A55,1,2026-05-09 23:55:10,"Sistem yang buruk untuk shopee food sy pesan makanan dgn waktu pesanan di terima pukul 10.05 dengan jasa kirim prioritas tentunya, pukul 22.05 sy cek status pesanan bertulisan ""Resto masih menyiapkan pesanan"" sekitar 22.17 sy lihat kembali status pesanan dibatalkan dgn laporan driver yang membatalkan. sy benar benar kecewa atas pelayanan dengan sistem seperti ini harusnya kalian punya sisten yg lebih manusiawi utk case seperti ini. tidak ada kompensasi kerugian apapaun dr shopee, keterlaluan!"
Adrena Malika,5,2026-05-09 23:51:58,sangat bagus
Eka Pebriyawati,1,2026-05-09 23:50:33,"kalo bikin iklan tu tombol skip nya yang bener anjg masa di pencet mlah masuk aplikasi ny sok asik anjir ngeganggu bet ,mana benci bngt kemaren gw mesen paket di aplikasi brp pas datang brapa tolol emng"
Valerius Tukan (Varel),5,2026-05-09 23:49:58,kenapa dah iklan apk ni muncul tiba mau kerja tugas muncul iklan ini mulu Pusing cok lain kali iklanya dikurangi ya itu sj terimakasih
Risal 251197,5,2026-05-09 23:49:11,bisa di percaya
Ari Fadli,5,2026-05-09 23:45:59,terbaik
Fadila Fadila,1,2026-05-09 23:44:40,nihh guee kasih bintang satu supaya bisa jadi aplikasi Belanja nomor 1 di masa depan 😏😏😏👏👏😁😁🎉✨.
Jaka Wisesa,5,2026-05-09 23:43:53,sangat bagus
Jekson starsmpdsi (8463HVJSSMP),5,2026-05-09 23:43:46,oke bergabung facebook
Queenza Primadani,5,2026-05-09 23:42:58,mamta0p aj sih
prisca primantika,5,2026-05-09 23:41:52,mntap
Kolong Langit,1,2026-05-09 23:40:08,saya tidak bisa menghapus akun. Data saya adalah hak saya.
ricky ajja,5,2026-05-09 23:37:54,sangat suka banget sma shoppe paling bisa di percaya
Maftukhatul Fitriyah,3,2026-05-09 23:35:41,biasa saja sih. biaya layanannya makin mahal
Iqbal Mahyudi17051996,5,2026-05-09 23:35:04,Aplikasi bagus
Ria Febriyanti,5,2026-05-09 23:33:46,Sangat puas dengan layanan shopee
Neno Kusuma12,1,2026-05-09 23:30:37,potongan untuk seller semakin gila. shoppe pengen diboikotkah?
Ety Hastuty,5,2026-05-09 23:29:43,tolong untuk shopee...nama kurir saat pengiriman di cantumkan...jadi bsa komplain ke bagian kurirnya langsung tau nama kurir yg bermasalah....jgn menjadikan pelanggan susah untuk klaim pada kurir...
Ilvana Desyanti,5,2026-05-09 23:27:41,"gak oernah belanja kemana mana lagi hanya di shopee sekarang,tinggal tap tap uda dtg deh...terimakasih shopee...😊🥰"
Su Santo,1,2026-05-09 23:27:26,pop up iklan terlalu banyak
Abdullah Aziz,3,2026-05-09 23:23:21,Cukup disini saja shopee Indonesia Dan Kurang Menarik Juga?
EL Cangkil,5,2026-05-09 23:18:13,wow
Ulul Albab,1,2026-05-09 23:14:02,shoppe sekarang mengecewakan
Alif Rakhman,4,2026-05-09 23:13:21,diskon sedikit
ibim ibrahim,5,2026-05-09 23:11:57,mungkin 1-2thn ini sudah beralih ke shopee dari bbrp market place lian yg sudah saya pakai sebelumnya bertahun². semoga semakin shopee kedepannya. spaylaternya jg mungkin vs diperbaiki.
Ngurah Pradnyasidi,5,2026-05-09 23:10:37,belanja online paling lengkap dan murah
endang titi lestari,5,2026-05-09 23:06:31,dikirim sesuai pesanan
Rifqi Amal Fatah,5,2026-05-09 23:04:57,"mantap, bisa belanja dg free ongkir"
Syamsu Hadi,5,2026-05-09 23:03:40,"bagus ,mempermudah belanja kita"
Ari Khan,5,2026-05-09 22:56:58,mantap jiwa
Gol D (Mizu),1,2026-05-09 22:56:57,"aplikasi shopee tidak bisa akses, hanya ada tulisan shopee dan tidak bisa masuk ke aplikasinya, mohon segera diperbaiki"
herliyana habibie,5,2026-05-09 22:55:54,sangat bermanfaat
rasya azriel junior,5,2026-05-09 22:55:38,Sangaat membantu
Yanto Bae,5,2026-05-09 22:51:22,sejauh ini Shopi makin baik mudah di gunakan dan lancar lancar saja.sangat membantu buat yg male keluar rumah tinggal pesan barang datang
Ju Manji,1,2026-05-09 22:50:16,2 kali beli barang lwat apps ini lebih dari 4 bulan ternyata uang ilang barang tak kujung dtang dan ikelan di apps lain bikin kesel ndak bisa disekip dan tanpa durasi
Torro Putra,4,2026-05-09 22:49:24,barang yg saya pesan sesuai yg saya terima
Raden Vini,5,2026-05-09 22:47:39,"selama ada Shopee yang super top, makin gampang dan cepat aku berbelanja. semoga Shopee makin maju dan selalu banyak diskon dan potongan harga nya Semangat Shopee 🙏🥰"
Mensiana Rafu seran,5,2026-05-09 22:47:33,bagus
Lia Bangkak,5,2026-05-09 22:47:03,sangat puas
Bambang Suwarno,5,2026-05-09 22:45:44,pengalaman Sy banyak
Dedy Sukara,5,2026-05-09 22:40:29,ok
B e e,4,2026-05-09 22:38:58,"Aplikasi delay mulu, mencet keranjang dan lain lain nge frame dulu sedangkan nge scoll down task bar HP lamcar2 aja lancar (berarti bukan HP nya dong)"
Eza Yulianto,5,2026-05-09 22:34:03,bagus
Mauluddin Anwar,3,2026-05-09 22:31:59,semaga succes terus
Anjas Permana,5,2026-05-09 22:30:30,nice
Hasan Hasan,5,2026-05-09 22:30:10,Baik👍
Tta Tta,4,2026-05-09 22:30:06,baguss
eko Prangstio,5,2026-05-09 22:27:04,Bagus
Sopiatul Fitriah,5,2026-05-09 22:24:59,sangat baikkk
Ultramen Jambon,2,2026-05-09 22:24:54,hmmm....gimana ya biar kritik ini bener bener di baca dan di terapkan...shopee food..di lapak nya tertera jarak 2km..setelah mau di cek out...jarak nya jadi 5 km .. gila .. berat banget kayak nya jadi jujur buat hal kecil aja...di sudut mana..di hal apa hidup ini untuk bisa nemu secuil saja kejujuran...
Mas Oke,1,2026-05-09 22:23:17,pelayanan buruk
Agara Cell,5,2026-05-09 22:22:24,bagus bngtt aplikasi ya murah'+gratis ongkir seru bngt belanja disini
Hafizh Hamizan,5,2026-05-09 22:20:43,"aplikasi bagus, sangat membantu , dan bnyak gratis ongkirnya😁"
Gus Madi,5,2026-05-09 22:19:06,memuaskan
Bintang Indra Saputra,1,2026-05-09 22:13:38,ga bagus update lokasi lama nyusahin
Dony Eko Prasetyo,1,2026-05-09 22:12:42,Tidak layak
Bang Mull,5,2026-05-09 22:12:07,sangat baik TPI masih ada barang yg ga sesuai pesan tolong di perbaiki lagi
Heri Papah,5,2026-05-09 22:09:59,Lanjutkan mantap
Jepri Mechanic,5,2026-05-09 22:09:28,ketika keadaan darurat sangat berguna terimakasih spaylater 🥰🥰
Owon,5,2026-05-09 22:08:43,keren
Tafsir Maulana,4,2026-05-09 22:05:08,karena membuka shoppe sangat lemot lebih dari 5 menit jadi saya tidak bisa kasih bintang fuul
Haifa HS.,4,2026-05-09 22:05:07,buat fitur untuk blokir akun-akun php! hoby ngefixs barang saat live tapi gak mampu beli alias payment supaya seller dijauhkan dari manusia-manusia tdk bertanggungjawab!
Qomarul Umam,5,2026-05-09 22:04:33,bagusterpercaya
Boy LeobertSalomo,5,2026-05-09 22:02:26,Cuma minta bnyakin lagi discont nya min..makasih
Sutikno Wijaya,4,2026-05-09 22:00:37,Alfatihah....
Alessandro Delpiero Age,5,2026-05-09 21:46:40,apk sangat baik dan aman terpercaya
Halim Pratama,5,2026-05-09 21:46:04,sesuk harapan
Erivendi,1,2026-05-09 21:45:47,"Tdk beres pengiriman barang pesanan...Tidak jelas, bertele tele"
Aan Wong tani,1,2026-05-09 21:44:45,"untuk pihak shoope mohon di filter lagi yang aman untuk kreator, akun saya ternonaktifkannya barang dan jasa yang dilarang. itupun postingan saya yang kurang lebih 4 bulan, . . kalau memang jasa yang dilarang kenapa affiliator yg kena imbasnya. tokonya aman aman saja. 6 bulan berkreasi di affiliator tumbang karena hal tersebut."
Khasan Sanusi,5,2026-05-09 21:43:28,"Sangat membantu dalam bisnis saya, belanja cepat, mudah dan terpercaya."
Sofiyanti Pengarang,5,2026-05-09 21:43:26,belanja mudah dan praktis
Syamsuri Suri,5,2026-05-09 21:41:50,membantu meningkatkan pendapatan konsumen
Arman budiman,5,2026-05-09 21:41:43,keren
Sarah Lofita,1,2026-05-09 21:41:17,udah berapa kali paket di bikin muter muter aja . di tambah pengiriman nya lebih dari estimasi ..
Drs Agus Adri,5,2026-05-09 21:40:55,Tepat Waktu Kurir Sopan
Fitria Ria,5,2026-05-09 21:36:10,sopi memang terbaik
Sandy Afriadani,1,2026-05-09 21:35:57,"aplikasi sampah, lupa kata sandi, ingin ubah dengan verifikasi lewat email malah di alihkan ke nomor yg sudah tidak aktif"
muklis raditiya,1,2026-05-09 21:34:54,sejak gabung dengan SPX performance nya jadi burukk dalam segi pengantaran barang
Rasih Bae,1,2026-05-09 21:33:50,sangat menyesal pengajuan return uang gk kmbli gk adil shope
Dedy Iskandar,5,2026-05-09 21:30:12,ok
Iis Aisyathv,5,2026-05-09 21:29:45,jadi mudah untuk berbelanja
Angy Dwianggraini,5,2026-05-09 21:29:22,Udah bagus.. Menunggu loadingnya gak pakek lama2 . Teimakasih
Rilo Alfiansyah,5,2026-05-09 21:28:43,Alhamdulillah amanah
sha zia,1,2026-05-09 21:28:14,"shopefood dobel order triple order kasian driver,"
Pace Capung,5,2026-05-09 21:27:03,sukses selalu
Aulia Kiki,3,2026-05-09 21:26:57,sering bgt lelet dan susah login di web
garra setiawan,5,2026-05-09 21:25:47,shopee emang yg terbaik... tp kok knp loading nya lelet bnget y...
spans loy,1,2026-05-09 21:24:52,kurir jelek
Wahyudi Wahyudi,5,2026-05-09 21:24:27,saya suka
Agus Susilo,5,2026-05-09 21:21:49,buat shopee tolong di perketat tentang akun shopee yang coba mau masuk tanpa izin
AMBRILLAH ELLA,5,2026-05-09 21:20:35,bagus gara² sda sopi jadi gaperlu keluar rumah
Kacer Brata,5,2026-05-09 21:20:32,Shopee the best lah👍👍
Muhyi Muhyi,5,2026-05-09 21:17:17,sangat membantu
Hera Wati,5,2026-05-09 21:14:55,ok
Hari pamungkas,5,2026-05-09 21:14:02,bantu iya
Dasmanta Putra,3,2026-05-09 21:11:02,kenapa akun saya tiba2 muncul wa yg isinya kode OTP ya?? apakah akun saya diretas?
Nur Diman,5,2026-05-09 21:07:06,"aplikasi shopee nya sangat membantu sekali disaat mencari barang selalu ada dan lengkap. terima kasih shopee sudah membantu sesuai kebutuhan yg diperlukan, semoga aplikasi ini tambah pengguna. sekian dan terima kasih"
Yano Bela,5,2026-05-09 21:07:00,ok
Toni Mangole,3,2026-05-09 21:06:41,kalau saya area sulawesi kadang2 pengirimanya smpe satu bulan aplagi desmber pesan paket nyape nnti januari😓 di mohon pelaynya lebi di percepat kalu pesan paket desmber🙏
fahrul Rozi,4,2026-05-09 21:02:18,digunakan hemat shope sdh oi
Rahmat Ashari,1,2026-05-09 20:59:41,sangat kecewa dengan shopee akun saya gak bisa di hapus
insan kamil,1,2026-05-09 20:57:34,shopee sekarang susah buat oengembalian barang udah jelas jelas ga sesuai eh malah di batalkan terus balikin lagi fitur kaya dl biar langsung bisa
Ari Wicahyono,5,2026-05-09 20:55:42,"barang sesuai dengan tgl kedatangan nya,aman sampai tujuan josss"
MUHAMMAD ROFIQ,5,2026-05-09 20:54:51,aplikasi ini sangat cepat pengiriman nya
Sania,5,2026-05-09 20:54:09,sukakik
Cataleya Rafifa,5,2026-05-09 20:51:43,"Mantap aplikasi idamanku beda dengan apk sebelah Udah mahal return barang ribet dan mulai bisa belanja pakai qris barangnya pun sangat bagus dan terbaik ,,top lah"
Tiphara Mancing,5,2026-05-09 20:51:32,keren
Mas ud sitorus,5,2026-05-09 20:44:47,Shopee dapat memenuhi pilihan saya
Ali Laysaly,2,2026-05-09 20:44:46,"iklannya di mna""shopee ganggu bnget"
Seriandi,5,2026-05-09 20:42:09,"banyak yang bilang apk ini bagus, ya saya ngikut aja dulu❤️"
Helmi Bayu,1,2026-05-09 20:41:56,Shopee lite dong aplikasi shopee Tokopedia Blibli lazada WhatsApp makan memori lah
Abi Dwi Saputra,1,2026-05-09 20:41:08,kenapa yah kalo iklan di aplikasi lain terus udah di pencet tanda silang tetep masuk ke shopee terus di apk shopee nya ngelag patah patah kayanya server nya bobrok nih shopee
reza herlangga,1,2026-05-09 20:39:47,"parah"" blanja di shoppee sekarang, blanja 4 barang datang telat semua, 3 hari masih kurang ?? lelet kalian spx lemah!!"
Reza Kustiana,3,2026-05-09 20:37:42,saya kasih bintang 3kenapa karna pengiriman paket sangat lambat bisa sampe 4/5hari padahal di playform lain paling lambat 3hari sudah sampe mau sejauh apapun alamat tokonnya mohon dipercepat lagi untuk pengantaran paketnya terima kasih.. demi kenyamanan plangan shoppe indonesia.
Rudi anto,5,2026-05-09 20:37:25,the best
Ahmad Ramadhon,5,2026-05-09 20:36:52,recommend belanja online
Anthoni Basit Erlangga,5,2026-05-09 20:36:50,Aplikasi Yang Super Lengkap & Banyak Promo nya..Mantapp...Terimakasih.
Teguh Soegiarto,5,2026-05-09 20:35:57,Praktis
Rahma Yani,5,2026-05-09 20:33:12,keren
Ahdan Alfajri,5,2026-05-09 20:31:41,sangat cocok
aryono fikink,1,2026-05-09 20:29:10,"Tolong bilangin ke gudang cirebon dc knpa paket suka bgt stuck berhari hari di situ, sumpah idiot bgt tuh cirebon dc"
Audrey Heree,2,2026-05-09 20:27:55,"banyak penjual yang pakai video produk orang lain jadi bikin banyak yang ketipu, seller banyak yang gak amanah dan banyak yang nipu juga. Tolonglah shopee udah beberapa kali aku kena seller yang gak amanah, rugi banyak ini.."
Aspar Jago,5,2026-05-09 20:27:03,mempermudah segala urusan kalo untuk urusan belanja.pokonya buat apknya terimakasih banyak telah meringankan warga Indonesia terkususnya aku pribadi sekali lagi makasih 😊🙏🏻
Windu Aditya,5,2026-05-09 20:26:55,shop yg menipu tolong di black lis
nurohmah siti,4,2026-05-09 20:26:44,"sekarang shopee pengiriman nya lama banget, udah hubungi cs nya tapi tetep aja proses nya ga dipercepat padahal lagi butuh banget"
Siti Salsabilah,5,2026-05-09 20:25:35,sangat bagus dan terbaik selalu shoppe 👍
om dien,5,2026-05-09 20:25:25,pokok nya serba mantap
Hosea Kapugu,1,2026-05-09 20:18:34,saya sudah mengirim dari WhatsApp dan messenger tapi tidak ada balasan satu pun
afni shaleha,5,2026-05-09 20:16:55,bagus
wardiman 1965,4,2026-05-09 20:16:53,pelayanan bagus. sayangnya untuk pengiriman spx. banyak yg bermasalah
Azis Saputra,5,2026-05-09 20:15:39,di percaya
Morgan Top,5,2026-05-09 20:14:42,Shopee Indonesis satu2nya apk belanja online yg sukai
Derhana,5,2026-05-09 20:13:16,melalui shopee...terjamin
ulil albab,4,2026-05-09 20:13:06,manteb bgt
Zul dirga Pranata,5,2026-05-09 20:11:19,sangat mudah untuk ber belanja barangnya pun sesuai seperti yg kita inginkan
Ngabidin Din,5,2026-05-09 20:07:40,terus jaga kualitas dan pelayanan
Winarno Ahmad,5,2026-05-09 20:06:10,"jika pesanan di batalkan sudah masuk waktu pasti akan di tolak seller, seharus tombol BATALKAN PESANAN di non aktifkan saja"
Aira Nurkamila,5,2026-05-09 20:04:24,bagus aplikasi nya top bisa belanja apapun deh bagus ✨🥳
Cueng Cupu11,5,2026-05-09 20:03:49,aplikasi membantu berbelanja
Rasmundul,3,2026-05-09 20:01:29,jos
Petrus Datulangik,5,2026-05-09 20:00:48,sangat membantu
Denny Danisa,2,2026-05-09 19:58:52,"serasa di bikin jebakan,mau C.O di official APR asli dg harga murah ga bisa"".giliran udah bisa C.O mlh di batalin secara sepihak...giliran toko rating rendah mudah bgt😮‍💨makin kesini mlh makin ga jelas....kecewa bgt"
Putra Agung,3,2026-05-09 19:57:54,"tolonglah playlater ,pinjaman diaktifkan lgi,sya butuh,jgan karna telat pembayaran ,ga bisa dipakai jangka panjang gini,kita butuh shopee,shopee juga butuh kita,playlater Ma pinjaman sangat perlu buat usaha bengkel motor"
Farida Nov,5,2026-05-09 19:56:52,sangat membantu uuuuu i loveeeeee shopee
Marfel Marfel ksoh,1,2026-05-09 19:56:51,pihak Shopee ngak mau bertanggung jawab soal peraturan barang dibilangnya bukti tidak lengkap ngak mau berfihak ke pembeli lebih berfihak ke penjual
Yohanes Wijaya,1,2026-05-09 19:54:30,"sudah melunasi tagihan2 tapi playlater tetap di bekukan lama sekali , sangat mengecewakan"
hikari kiasatina,4,2026-05-09 19:53:46,"shopee memiliki dampak positif dan negatif.shoppe memudahkan masyarakat untuk berbelanja dengan alat digital tanpa harus ke toko, shoppe juga menyediakan berbagai barang dengan harga beragam.selain itu,shopee juga membuka lapangan kerja bagi masyarakat. namun aplikasi ini jika di gunakan berlebihan dapat memicu kecanduan dan boros,aplikasi ini juga berresiko penipuan dan barang tidak sesuai gambar"
Pardi Ahmad,3,2026-05-09 19:51:05,"pelanggan baru kok di tipu oleh pocer yang di siapkan, sudah beberapa kali di pakai malah di batalkan oleh shopee sendiri"
cipo langsing,5,2026-05-09 19:50:38,"kalo baru download bnyk bgt brg yg Rp.0 suka bgttt shoppe food jg penting bgt di aku, cm jrg ada peromo"
Sinta Masita,5,2026-05-09 19:50:03,apl nya cukup membantu trimakasih
muhammad azzam azaam,5,2026-05-09 19:46:38,BAGUS BANGET
Ejok Pitra,5,2026-05-09 19:45:38,Shopee yang terbaik
Bobby Id,5,2026-05-09 19:44:56,bermanfaat
athyh zzahra28,1,2026-05-09 19:43:15,benci bgt gua tiap buka Shopee selalu masuk ke video jadi ngelek HP gua!!!!!!!
Maulana Setiawan,5,2026-05-09 19:43:03,"beli apa pun ada disini, jangan ragu buat belanja d shopee.."
Izudin Arozi,3,2026-05-09 19:39:36,Makin kesini pengiriman kok makin lama ya... ada yg sampe seminggu lebih ga nyampe2
Luvcesy,4,2026-05-09 19:39:33,"Aplikasi bagus memudahkan kita yang malas belanja sendiri jadi terbantu dengan adanya Shoppe tapi.. Saya mau ngasih saran kalau bisa sih temanya tambahkan warna hitam ga warna putih aja, karena terlalu cerah kalau gelap-gelapan buka aplikasi shopee bisa menambah minus mata saya. 🙏🏻"
Jujun Junaedi,5,2026-05-09 19:38:40,sangat baik
Penjelajah Dunia,1,2026-05-09 19:38:05,"saya kecewa dinonaktifkannya akun affiliate, dengan alasan barang dan jasa yang di larang. . dari sini saya paham berarti saya terperangkap. mohon di filter lagi agar tidak ada korban lagi. udah cukup aku saja yang terperangkap yang lain jangan sampai seperti saya ya."
Helmi Sirajuddin,1,2026-05-09 19:37:44,jadi ga ngotak sekarang
Shofian Setiawan,1,2026-05-09 19:37:28,"langsung aja ""DC KABUPATEN CIREBON KEK GA NIAT KERJA , BERKALI KALI PAKET KALO DROP DI KABUPATEN CIREBON DI PENDEM 2-3 HARI GA DI URUS"" MENDING LU PADA RESIGN KALO GA NIAT KERJA"
Nur Malis,5,2026-05-09 19:37:28,puas
al man,1,2026-05-09 19:37:06,"saran saya jangan pake Shopee pay & sea bank karena mereka bisa ambil uang kalian, seperti saya yang saldo sea bank saya sebesar 2.1 jt tiba"" di lakukan transaksi untuk pembayaran google play padahal bukan saya yang transaksi, padahal saya setiap transaksi pasti verifikasi 2x yaitu password dan verifikasi wajah, saya sudah lapor ke cs tapi jawabannya malah kami tidak tahu, apa jangan jangan ini permainan karyawan Shopee pay & sea bank sendiri yang"
Cek dawi,5,2026-05-09 19:34:11,biaya penanganan apalah shopee koncol
Izaaja,1,2026-05-09 19:34:01,"kak tolong lah ya pilihan COD nya dibuka udah 3 bulan lebih ga dibuka, udah saya coba hubungi ke Choki atau CS tapi sama aja dia bilang masalahnya selesai tapi ga ada hasilnya"
Jaka Subagja,1,2026-05-09 19:30:26,payah
Farhan Van Gobel,5,2026-05-09 19:30:19,good luck
Sayyidah Uput,5,2026-05-09 19:29:31,KESEL DIKIT
Hery Subagiyo,5,2026-05-09 19:27:54,👍
Muharil Aril,5,2026-05-09 19:27:14,ok bgt
Rizon channel Baturaja,4,2026-05-09 19:26:14,"Bintang berbicara, saran kalau bisa sistem pengiriman jangan di ajak muter2 dong, langsung aja dari kota penjual ke kota pembeli,, buat meminimalisir resiko kerusakan barang, akhir2 ini sistem pengiriman sering muter2 nggak jelas,, belum lagi tanggal estimasi yang tidak pasti,, berubah-rubah,,makin lama sampainya,, intinya shopee sudah tidak secepat dulu dalam pengiriman,, maaf bintang saya kurangi satu,, kalau makin parah maaf saya bakalan kurangi lagi,, saya pengguna aplikasi ini sudah lama,,"
Fairutz Dzulfadly,5,2026-05-09 19:25:22,bagus
Febri Arianto,5,2026-05-09 19:25:13,puas
ima Huda,5,2026-05-09 19:21:25,berguna
PENDI AHMAD,5,2026-05-09 19:21:16,jempol pokoknya
Eriska samsuri,5,2026-05-09 19:21:09,semenjak ada sopi yang tadi nya ke tiktok ke sopi
Shania Riani,1,2026-05-09 19:20:53,GAUSAH TERCANTUM PENAWARAN MURAH SHOPEE DEALS KALO UJUNGNYA KITA SAMA AJA BAYAR DENGAN HARGA NOMINAL AWAL!!!!
Eko Purwanto,4,2026-05-09 19:20:49,okeh
Asep Zaenal m,5,2026-05-09 19:20:41,sangat puas
Muliatin Nurhudianto,5,2026-05-09 19:18:59,"sangat membantu, untuk memenuhi kebutuhan sehari2"
TASMAN KONGGAMEA,5,2026-05-09 19:16:24,shopee semakin didepan 👍👍👍
Mburgem,5,2026-05-09 19:16:02,"Iklan barang slalu real , gratis ongkir , respotn cepat"
pna alamanda,2,2026-05-09 19:15:11,"kenapa akhir-akhir ini pesanan lama banget sih? bukan cuma saya, tapi semua temen saya paketnya pada stuck di bekasi 3 hari gak jalan jalan juga paketnya"
ar lintang,5,2026-05-09 19:13:28,keren
Rohmat Helos,1,2026-05-09 19:13:01,iklan nya yang muncul di layar sangat mengganggu
Dedy Selan,5,2026-05-09 19:11:28,puas
Ahak Az,5,2026-05-09 19:11:21,ok
ian Aleksan,5,2026-05-09 19:08:43,Josjis tolong banyakin voucher diskon biar ga mahal untuk kaum bawah
Ganjar Yoga,5,2026-05-09 19:07:06,bagus belanja jadi mudah dan cepat
Duta Gembala,5,2026-05-09 19:03:07,terimakasih sangat membantu
Nani Fitriyani,1,2026-05-09 19:02:06,"apk gk jelas jir, gaada koneksi internet mulu, padahal wifi di rumah gk lag sma sekali"
Yuyun Yun,3,2026-05-09 19:01:28,good
Tahir Ahmad,5,2026-05-09 19:00:15,bagus
Ali Mustofa,4,2026-05-09 18:58:47,Ga bisa daftar sama nomor lama
ibnu girindra,1,2026-05-09 18:58:07,biasanya tidak ada siaran live atau video bikin hp sangat lemot saya kasih saran hilangkan siaran live atau video
dhani mardianto,5,2026-05-09 18:57:37,Aplikasi Shopee Sangat Bagus
Yati Rohayati,5,2026-05-09 18:56:44,"kasih keterangan dong kalau toko sedang tutup, atau jangan tampil di beranda dulu selama gak beroperasi biar gak ada salah paham. secara ini kan berbelanja via online masa harus tahu jadwal buka toko."
Imron Jauhary,5,2026-05-09 18:55:33,"di shopee blanja murah,banyak voucher"
Herman To,5,2026-05-09 18:55:01,"Belanja online lengkap ,,,,"
Js Santos,5,2026-05-09 18:54:05,baru coba
Dinda Erhay,5,2026-05-09 18:53:58,Shopee sekarang makin banyak voucher makin Sukak dehhhh🥰🥰🥰🥰
Devi Puspita,5,2026-05-09 18:53:00,mantap
Aliya Zibran,5,2026-05-09 18:52:46,shopee keren mempermudah segala keinginan menjadi kenyataan
Tangguh Permana,5,2026-05-09 18:52:27,semua pesanan saya datangnya tepat waktu
Kasidi Pucangan,5,2026-05-09 18:52:04,Terbaik untuk Shopee
Rts Kholifah,5,2026-05-09 18:51:09,untuk mendapatka barang yg sesusai menurut pengalaman saya harus melihat berapa banyak barang yg terjual dan banyak ulasan ulasan yg intinya memuaskan.
Pak Nurman,5,2026-05-09 18:49:57,layanan sesuai SOP
Muhammad Al-fatih,5,2026-05-09 18:49:32,good
Muhammad Rizki,1,2026-05-09 18:49:10,"sistem shope pas naik ke versi 94 makin parah banget, orderan double sampai triple order gak ada notifikasi nya!!! bikin ancur performa driver, bukan 1 atau 2 driver hampir semua sama!!! tolong di perbaiki sistem dan kalau bisa pisah fitur antara food dan spx."
Irvan Ruliansyah,1,2026-05-09 18:48:55,Pengiriman spx sangat jelek dan sangat merugikan konsumen n penjual
Nurul Istiqomah,5,2026-05-09 18:48:34,Bagus
Ikung Anto,5,2026-05-09 18:48:24,semoga tambah ok
Zero Zxees,5,2026-05-09 18:46:21,bagus
Moh.sahroni Roni,5,2026-05-09 18:45:31,keren
Kiki Dg,5,2026-05-09 18:44:09,mantap
Rusdi Yustira,1,2026-05-09 18:42:07,semakin lama pelayanan shoopee semakin buruk
Ali Shafuwan,5,2026-05-09 18:41:29,"Belanja di shopee, cara mudah berbelanja cepat, mudah, praktis 👍"
Eza,1,2026-05-09 18:39:54,Jan paksa suruh orang masuk aplikasi lu Napa gw lagi get key kegangu
Hendri,2,2026-05-09 18:39:14,"kenapa pesanan saya selalu di kembalikan kepada penjualnya padal saya tidak pernah menolak atau apapun,ini sepertinya ulah kurir yang gk bertanggung jawab tidak mau mengantarkan alasan jauh,dan saya tiba2 tidak bisa COD,kalau begitu saya akan uninstal aplikasi shopee,kalau tidak bisa COD.sekian dan terima kasih.."
Fiki Andrian,3,2026-05-09 18:38:41,buat tim shopee kenapa sekarang nama kurir gk tertera??? dan udh gadak lg tercantum nomor handphone jadi ketika ada pengiriman yg gk sesuai ketika bukan kita yg pesen yg Nerima kita bingung mau ngehubungin kurirnya
Hetty Nurbiathy,5,2026-05-09 18:37:15,aplikasi yg sangat membantu sekali..sudah lama saya bergabung..pokonya sip deh.
Dawud akbar Syahputra,5,2026-05-09 18:36:28,bagus banget
Dora Emon,3,2026-05-09 18:36:09,ganggu bngt iklan shopee nya. buka apk game iklannya shopee main game pun berulang kali tiba² keluar. malah masuk ke apk shopee. maksa bngt. untuk layanan belanja mantap bngtt. gratis ongkirnya juga wow sih. minusnya sedikit ganggu kalau buka apk lain tiba² pertengahan malah keluar eh masuk apk shopee
Heri ahmad bukhori,1,2026-05-09 18:35:55,"aplikasi dongo,gua mesen paket kg nyampe nyampe heran seribu heran gua mah"
Ciwonz 02,1,2026-05-09 18:34:22,tolong shope lebih peduli lagi terhadap toko abal2 saya ketipu 2x di toko tersebut untuk bukti dan riwayat saya ada semuanya tolong di tindak lanjuti karena merugikan pembeli
Hendri Ajh,1,2026-05-09 18:31:55,ganggu nonton Drakor
Sukarna Winata,5,2026-05-09 18:29:54,terimakasih shoopy. ataa app shoopy kami bisa berbelanja dgn enak.
Syilmi Hadi,5,2026-05-09 18:29:04,saya kecewa dengan estimasi nya
Nyoman Setiati,5,2026-05-09 18:29:04,Shopee Keren.
Annas ganteng,4,2026-05-09 18:28:26,pake lah shopee gampang lagi belanja di sini mura meria semua
Ainun Nisya,5,2026-05-09 18:27:15,"sangat sangat membantu saya untuk memenuhi kebutuhan saya, dan yg paling saya suka, jika pesanan tdk sesuai, barang bisa dikembalikan tanpa potongan biaya"
Andy Wijaya,5,2026-05-09 18:26:14,harga lebih murah Dari toko sebelah komplain konsumen cepat tangap
Naylilah Agustin,1,2026-05-09 18:25:24,"saya sangat kecewa dengan expedisi spx,kurir tidak sopan dan selalu dipersulit"
Suci Adreani,5,2026-05-09 18:24:50,aplikasi yang dapat dipercaya
Muhammad Syahid,5,2026-05-09 18:22:06,hebat
Motekar Mandiri Crhaft,5,2026-05-09 18:20:13,mantap
Ahad Hungkul,1,2026-05-09 18:18:05,"spaylater masih di bekukan, tahun2 kemarin gw nanyain ke cs ada email masuk katanya shoppe meter saya di bawah 500, eh pas shoppe meter saya 711 dan aktif belanja di shoppe dan chat cs masih aja belum di buka aneh banget."
H Setiawan,5,2026-05-09 18:17:26,bagus
Klinik mobil indonesia,2,2026-05-09 18:17:01,SEPI BANGET YANG TANYA AJA GA ADA APALAGI YANG BELI..KALO ADA YG CHAT PASTI CHAT NYA CEKLIST 1 TAU TERKIRIM DAN TERBALAS ATAU TIDAK KE CALON PEMBELI
Dym3 High performance,2,2026-05-09 18:14:01,"aplikasi ini sangat buruk dari pengiriman dan barang palsu nya dan lebih mengecewakan lagi pihak shopee nya berpihak ke seler penipu, saya mengajukan return bahwa barang rusak/tidak bisa dipakai ntuk kalian yg ingin berbelanja online lebih baik hindari aplikasi busuk ini dikarenakan tidak akan bertanggung jawab atas semua pembelian kalian walaupun mengajukan return dengan bukti yg jelas"
Arief mmj,5,2026-05-09 18:13:54,lambat sekali pengiriman paketx
Hasanuddin,5,2026-05-09 18:13:34,harga lebih murah dari pada di tokoh !
Muhammad Farhan,5,2026-05-09 18:12:46,video di shope kebanyakan menipu lain di Spil lain yang di jual kasian user yang baru menggunakan shope ..udah banyak korbanya .. kalo bisa video yang gak sesuai di pilter aja.. terima kasih..
Junung Kurniawan,5,2026-05-09 18:12:08,memberi kenyamanan dalam komunikasi baik
Arsyandi shofyan Shofyan,5,2026-05-09 18:11:19,apk bagus... dan juga amanah
Iwan Prasetyo,4,2026-05-09 18:10:40,"pertama ... Rekomendasi shopee video meresahkan, terkesan menawarkan harga terjangkau, padahal toko sudah tidak aktif selama beberapa minggu... kedua Banyak penawaran yang produknya berbeda dengan yang ada di video, originalitas produk di video tidak sesuai dengan produk realnya."
Yazid Yazid,5,2026-05-09 18:10:25,mantaaap
Yellow,5,2026-05-09 18:10:12,sangat mantappp
baikialjannah,5,2026-05-09 18:09:49,"aplikasi bagus mempermudah kita belanja kebutuhan, dan aman.."
hanii atul,1,2026-05-09 18:09:25,"aplikasi nya saya udah pakai bertahun"" dan baik pelayanan nya,,tapi 1 bulan yang lalu saya memesan barang, sampai sekarang belum sampai,awalnya stuck aja 5 hari,terus udah 3 Minggu pas di cek udah kurir sedang menuju alamatmu,tapi aku tungguin ga ada kurir yg Dateng lohhh,harusnya kurir konfirmasi ngechat dulu kan bisa,ahirnya karna cape nunggu keesokan hari nya aku ke j&t nya katanya paket aku ga ada,aku cek di bagian lacak pesanan status nya kurir sedang ditugaskan selama 3 hr tp blm dateng"
Fajar Fadilah,5,2026-05-09 18:08:39,mantul
Opis Fis,1,2026-05-09 18:04:36,"yang di butuhkan itu jawaban dan perbaikan, bukan malah bertele tele doang eh malah tak ada hasilnya"
nunosatriani/ OZZ,5,2026-05-09 18:04:35,"membantu sangatt...produk berkualitas,,bisa di andalkan.."
Aida Fitria ningsih,5,2026-05-09 18:04:01,bagus
Opias,1,2026-05-09 18:03:30,setiap bertanya ke customer service tidak pernah mendapatkan solusi
Oriza Prawinata,3,2026-05-09 18:03:30,"shopee saya ga bisa cod🥹 udah mau 50 hari ini semenjak engga bisa cod karena paket saya batalkan, tapi saya batalkan karena saya lagi dikampung,udah saya tanya kurir nya mau saya jemput paketnya sebelum berangkat pulkam gabisa katanya, sedih ni dari habis lebaran mau co gabisa duitnya udah habis sekarang"
MASTER LEGEND Im NUR,1,2026-05-09 18:00:37,iklan lu dimana mana ganggu di chorme ada lu di mana mana intinya ganggu banget
Ayu,2,2026-05-09 17:58:55,"Ada gila2nya shopee ni, pengirimannnya kenapa bisa lama sekali? heran"
Zhafira Nirmala Ilham,4,2026-05-09 17:57:03,tpi pketnya lama banget sampainya
Elok Suci,5,2026-05-09 17:56:10,puas
Boneng Bodoh,2,2026-05-09 17:55:16,"saya senang dan juga sering belanja di Shopee, tetapi ada satu hal yang bikin saya KESAL BANGET sama Shopee yaitu IKLANNYA ITU mengganggu konten yang ingin saya lihat seperti saat saya hendak memencet link di google tiba tiba saja masuk ke aplikasi Shopee nya dan juga susah untuk keluar dan itu SANGAT SANGAT MENGGANGGU saya, tolong lah developer nya di kondisi kan itu aplikasi 🙏🏻 terimakasih, nanti saya kasih bintang 5 deh klo udah di perbaiki"
Muhammad Anwar,2,2026-05-09 17:53:03,"pengiriman sekarang sangat buruk, molor berhari-hari dari estimasi"
reni verayunita,4,2026-05-09 17:52:35,"buat shopee sarannya cuma di kurir sih,karena masih ada kurir yang suka lebih in nominal dan gx ada kembalian,udah kena biaya layanan mahal masih dikacangin sama kurir,untuk lebihan tergantung individu masing"" tapi etika kerja harus lebih diprioritaskan,saya tau kalau mereka cari seseran dari lebihan bayar cod tapi jangan curang dengan bilang gx ada kembalian tapi besoknya ditagih malah minta lebihan lagi"
wawan setiawan,3,2026-05-09 17:51:43,masa baru kemarin tgl 8 pembaruan sekarang tgl sembilan minta lagi pembaruan
Alesana Screamo,5,2026-05-09 17:51:41,shoope sangat sangat memuaskan
Hasan Gunawan,5,2026-05-09 17:50:58,barang diterima sesuai
Hadi Prakoso,1,2026-05-09 17:50:00,sudah bayar status masih blm bayar
Rubahima Pasi,5,2026-05-09 17:49:31,bagus nih jadiiiiiisb
Sal Man,5,2026-05-09 17:48:09,Aplikasi yang sangat bermanfaat.
Adistya C Nugroho,5,2026-05-09 17:45:38,"Bintang 5 ini bukan sekadar pujian tapi kritik dari saya pribadi. Selama saya pakai Shopee, saya lihat kurir SPX express sangat profesional melakukan profesinya. namun untuk kali ini, saya kecewa total. Saya ada di rumah, nomor hape aktif gak di silent tapi paket dibatalkan karena hal sebaliknya. Malah paket tersebut dikembalikan. Bagaimana solusinya? saya muak dengan sifat tidak profesional seperti ini. Mohon ditindaklanjuti."
Reztya Oyrm,1,2026-05-09 17:44:32,"Penanganan masalahnya tidak diberi kejelasan, pelayanan CS sangat buruk"
Riki Kiki,1,2026-05-09 17:44:04,"paket saya stuck udah setengah bulan udah komplain berkali-kali cuma di tanggepin doang, tapi setatus pesanan ngga berubah, tolong di perbaiki lagii"
Yayan281 Erly,1,2026-05-09 17:43:22,"Mohon Maaf Sebelumnya Aplikasi Shopee Indonesia ini Sebenarnya Sudah Cukup Bagus, Karena Menyediakan SPaylater dan Spinjaman Karena Sangat Membantu Untuk Transaksi Saya, Dalam Hal Transaksi Pembayaran Online, Tapi Saya Sangat Kecewa Dengan Aplikasi SPaylater ini, Karena Saya Sudah Bayar Tagihan Tapi Tidak Bisa Menggunakan Fitur ini lagi, Mohon Pihak Shopee Lebih Memperhatikan Peraturan Yang Ada, Jangan Sampai Pelanggan atau Pengguna Aplikasi ini Kecewa, Saya sudah lama menggunakan Aplikasi ini?"
Fahmii,2,2026-05-09 17:39:01,hama bet setiap muncul iklan apk ini pasti selalu susah buat keluar dari iklannya
Gugu Bar,2,2026-05-09 17:38:46,diskon tidak bisa dipakai
Medi Kabut,5,2026-05-09 17:37:16,Bagus
Maulida Zahwa wahyudi,5,2026-05-09 17:34:29,"ini aplikasi membantu banget, aku mau beli barang jadi nggak ribet bagus juga, aman banget, aplikasinya udah terpercaya THANKYOU 👍🏻"
Rahmad Setiyo Budi,1,2026-05-09 17:34:14,"pelayanan dalam pengembalian HAK konsumen saangat mengecewakan dan tidak baik. pengajuan dana refund tiket peswat saya dari tanggal 5 februari 2026 - 9 Mei 2026 belum juga di kembalikan. kalian menahan hak hak konsumen. TIM SHOPEE BINATANG TIDAK BERTANGGUNG JAWAB SAMA SEKALI, MENAHAN HAK KONSUMEN DAN MEMAKAN YANG BUKAN HAK MEREKA. APLIKASI SEPERTI SEHARUSNYA DI HAPUS SAJA. SANGAT MERUGIKAN."
endog ceplok ceplok,5,2026-05-09 17:32:43,bagus aja si
Pegiprastika Melati,5,2026-05-09 17:31:13,shopeee krennn
Khairunnazmi Yunna,3,2026-05-09 17:29:21,tolong sistem nya di benerin. dan juga kalo pesanan nya mau di kirim ke rumah. kurir nya harus ngechat atau kasih kabar. takut nanti kalo gak ada orang di rumah kalo paket nya COD. ini paket nya mau datang pas gak ada orang nya. kurir nya juga gak ngabarin
Erry z,5,2026-05-09 17:27:29,belanja macam macam
Indra Budi Supriyatna,5,2026-05-09 17:27:16,"Selama ini saya memakai/menggunakan platform belanja online, hanya Shopee yang tidak pernah mengecewakan saya ,yang lain payah dah..."
Salma Farzana,5,2026-05-09 17:26:45,harganya sangat murah dan tidak bohong
Fiqi Fiqi,5,2026-05-09 17:26:21,baik'
Cinta Abadi,5,2026-05-09 17:23:38,sangat baik
Kampeng bta22,5,2026-05-09 17:21:51,mudah amanah dan gak ribet
Fahmi Aflah Aufa,1,2026-05-09 17:20:36,aplikasi ini suka bermasalah dan suka spam. Kebijakan returnnya pun gk jelas
kd mr,1,2026-05-09 17:19:43,"udah 2 Minggu barang belum sampe, kesel banget"
Purnama Jeto,4,2026-05-09 17:17:36,ok
FADILAH VBS,3,2026-05-09 17:17:02,shopee anehh apk aneh
SUTENDI_07,5,2026-05-09 17:15:44,Terima kasih shopee....🙏🙏🙏🙏🙏 aplikasi nya sangat Membantu kebutuhan sehari hari Kamis..... Semoga Shopee tetap Sukses dan selalu terdepan....
Sinta Bella,1,2026-05-09 17:15:14,baru kali ini kecewa banget pesen cushion refil nya malah datang bedak tabur ngga jelas tnpa merek
War Sini,2,2026-05-09 17:13:54,"pecah koin gak bernilai cuma perak an,minimal kasih seharga sebiji permen lah🥲"
Isabella Dewi Anjani,5,2026-05-09 17:13:54,murah
Leonard Lorenzo,5,2026-05-09 17:13:18,UIH MENGERIKAN 😅
Andarti Pujiastuti,5,2026-05-09 17:13:06,alhamdulillah...selalu dapat harga murah
Defri Chan,5,2026-05-09 17:11:27,terimakash
Marina,5,2026-05-09 17:10:49,cocok tau
Par Toba,1,2026-05-09 17:10:02,jasa pengiriman spxnya ⭐️ 👎👎👎👎👎
The Games,1,2026-05-09 17:09:39,"Shopee sangat sensitif dan tidak relevan apalagi terhadap affiliate pemula sering kali dipersulit bahkan dipermainkan, mulai dari akun dibatasi, tidak bisa upload SV, share link tiba-tiba akun dinonaktifkan padahal aturannya sendiri suruh share link, bahkan lebih parahnya akun mudah dibanned permanen gara-gara masala kecil itupun sekali, bukannya dikasih peringatan main blokir aja tiba-tiba. Saran mending e-commerce lainnya lebih baik, untuk affiliate jauh lebih baik ditiktok."
Karunia Simanjuntak,5,2026-05-09 17:08:59,Bagus
fifaa z,5,2026-05-09 17:07:23,"shopee, tolong kasih nomor kurir di bagian pengantaran, karena kalo pesenan yang ga cod pasti dikirimnya lambat, pdhl status udah diantar kurir, pdhl kalo cod pasti lgsg dianter. tolong ya pihak shopee, kalo gini jadi ga bisa ngehubungin kurirnya"
Aditya Muhamad nuron,2,2026-05-09 17:07:04,kulir nya lelet semua bjur lah
Yuvi Andriansah,2,2026-05-09 17:05:06,Mantap
Atar Yoman,5,2026-05-09 17:04:55,bagus
Drajat Sumba,5,2026-05-09 17:03:55,shopee emang jos pesanan sesuai
Inung Nung,5,2026-05-09 17:02:33,Bagus
Fahmie Archam,1,2026-05-09 17:01:34,"produk di beranda ga sesuai yang diminati. padahal udah search produk yg kita minati tapi tetep itu2 aja yg direkomendasikan. mau cek in biar dapet poin aja lemotnya minta ampun, harus berulang kali nge refresh."
Yusup Sabilla,5,2026-05-09 16:55:23,sangat sangat Rekomendasi
Sur Adi,3,2026-05-09 16:55:13,ok
pulzis,2,2026-05-09 16:52:26,"Saya mesen barang di akun baru kok malah ke blok yaa? Udah bayar padahal loh, emg si blom verif email si tapi kan udah ada nomor telpon.. Kenapa gabisa yaa? Duit saya gimna itu"
Raditya Sallmun,5,2026-05-09 16:51:13,sangat Puas Pakai Apl.Shoopie TDK Ribet. pokoknya Muantaaap betul..👍👍👍👍
Christiano 29,1,2026-05-09 16:49:14,Kurirnya busuk .. paket gak dianter malah ditinggal dirumah .. diambil kantor gak bisa
Nathania may,4,2026-05-09 16:48:39,"Dear shopee,,, Tolong yaa kalau mau pake Spaylater,,rincian tambahan biaya penanganan(bunga bank) nya ditaruh difaktur,,jangan belakangan gitu,,biar jelas padat dan woke Biar tidak terkaget kaget shopee"
Ndoro Meneer,5,2026-05-09 16:48:13,Ok
Hamdani Naibaho,1,2026-05-09 16:45:36,banyak merek yg di cari tidak kelihatan. seperti pedro. yang di tampilkan malah merek lain.
Imam Turmudi,4,2026-05-09 16:44:35,"skrg mb ny nambah besar ya,di hapesaya lemot bgt ,skrol2 pilih2lemot bgt,turunin lg mb y ,biar ga lemot......"
Fuat Ridwan,5,2026-05-09 16:43:40,suiiipp
Cipta moderen Landscape,1,2026-05-09 16:38:32,"saran saya untuk masyarakat Indonesia mending jangan download shope atau pakai shope bagi penjual maupun pembeli CS nya nggk bisa nyari solusi ketika akun terdapat kendala masalah pada apk , kalian punya otak yang pintar pakai Tokopedia tiktokshop saja beli sesuatu tidak ribet jadi penjual pun tidak sulit kayak aplikasi shopee ini saya benar benar kecewa saya meluapkan amarah saya hanya melalui comentar di apk ini agar masyarakat Indonesia pada tau buruknya apk shope ini"
Syamsul Arifin,5,2026-05-09 16:37:14,bagus
Rizki Ramadani,5,2026-05-09 16:31:01,"aplikasinya bagus, bagus"
Trijawati I,5,2026-05-09 16:24:29,sangat bagus puas dengan pelayananya
Rafani Weni,5,2026-05-09 16:18:42,goooddd
Abu Uzair Jauhari,5,2026-05-09 16:17:24,Alhamdulillah.. Aplikasi ini memudahkan kita utk mendapatkan barang yg kita inginkan sesuai dgn kemampuan. intinya memudahkan kita berbelanja terkhusus bagi orang yg tdk pandai menawar barang seperti saya
Dewi Nadya,5,2026-05-09 16:15:54,sangaaaaaaat puas dgn sopiee
Selamet Apriyadi,1,2026-05-09 16:15:16,pengembalian barang dan dana nya ribet dan lama bahkan seperti pihak shopee seperti membantu kecurangan seller
Arif Bella,5,2026-05-09 16:15:06,"seneng banget beli di shopee,selain barang nya bagus harganya juga murah"
Evan,1,2026-05-09 16:09:43,aplikasi gk jelas
Lutfhi Alfarid,1,2026-05-09 16:08:25,susah masukin alaman langsung keluar tanpa ke simpan alamatnya aneh
Sally Gunawan,1,2026-05-09 16:06:49,"Perasaan dulu gw liat nih rating olshop ini 3.8 deh kok sekarang tiba2 jadi 4.7? padahal mah sistemnya ga bagus2 amat, sering error, bahkan sistem aplikasi malah ngawur.. Ini bisa tinggi lagi lu ngebayar playstore yaakk.. Di refresh lg ke rating tinggi.. Permainan kotor.. Bahkan sistem aplikasi pun juga kotor, harga di beranda 25.000 ehh pas di klik ternyata 50.000😐 Ihhh isinya setan apa gmn dah tuhh kok bisa berubah ga jelas.."
kamu jelek,5,2026-05-09 16:06:19,bagus
Hasan Sobri,5,2026-05-09 16:05:59,"kenapa sekarang pengiriman nya agak lambat ya, bisa sampai satu mingguan. biasa nya 3-4 hari sudah nyampe"
Johan Andrianto,2,2026-05-09 16:05:58,pengiriman lama selalu melewati batas estimasi
slamet raharjo,5,2026-05-09 16:05:15,sangat puas
Kupeluk Hatimu,2,2026-05-09 16:04:59,"Saya sebai customer,tolong stiap kurir di treaning supaya lebih sabar menghadapi customer krena itu rssiko pekerjaan. kita belanja bayar pake uang..terkadang kita sbagai customer membeli tidak sesuai tetep kita bayar,meskipun barang di kembalikan juga bisa..tapi terkadang kita lebih memilih untuk menerimanya dan membayarnya."
Asputri Yani,5,2026-05-09 16:03:57,𝔰𝔞𝔫𝔤𝔞𝔱 𝔭𝔲𝔞𝔰
muhammad muhammad,5,2026-05-09 16:03:38,top
Juanda,5,2026-05-09 16:03:19,murah
Saleh S (Aleng),5,2026-05-09 16:02:51,"Sangat bagus,"
Ibu Hasna,5,2026-05-09 16:00:46,mantap
Saka Eka,5,2026-05-09 15:58:37,belanja lebih mudah ngak perlu ribet
AIL ismail,1,2026-05-09 15:51:33,banyak penipuan
jeral friana,5,2026-05-09 15:49:36,good puas banget
Johan si Zombie,1,2026-05-09 15:49:18,"sekarang parah dari pihak Spaylater dan Spinjam,,limit Spaylater 300rb akun gk bisa buat belanja,,padahal bayar tagihan tidak pernah terlambat.bener2 kecewa dan su gguh2 parah dan payah."
Nurhayati Nurhayati,5,2026-05-09 15:48:08,Memudahkan belanja online berbagai kebutuhan dan dapat dipercaya produk²nya tapi ada juga beberapa seller yang kurang berkenan mutu produknya 🙏🙏 sukses sll shopee
Mhd Fitri,5,2026-05-09 15:47:22,puas belanja di shopee🙏😂
Xora,5,2026-05-09 15:45:43,Tolong tambahin folder khusus wishlist (favorit) biar ga ke campur semua barang-barang yang pingin di beli
Faridah Sapri,5,2026-05-09 15:45:04,belanja LEBIH menyenangkan dishopee. Banyak diskonnya LEBIH ngirit waktu juga.
Frica Yudha,5,2026-05-09 15:44:18,"sangat membantu sekali berbelanja di shopee, semakin mudah dan akurat."
Mustakim,4,2026-05-09 15:43:04,terkait opsi stuck pengiriman telat dlm informasi update
Zumba Duduk,1,2026-05-09 15:42:39,terlalu lama dalam pengiriman 5 hari barang Tampa ada pergerakan. management pengiriman berantakan
mariana,3,2026-05-09 15:41:19,"untk apk nya bagus,,tpi jelek di bagian pengirimannya tlng dong sampaikan ke pihak spx kalo cari kurir tu jngn cwek,soalny banyak tingkah udh tau paket itu udah mau 2 minggu di perjalanan eh pas udh datang dan udh mau diantar ke alamat malah gak diantr ke alamt dg alasan hari sudah malam ,orang pesan paket karna butuh kalo gk butuh gk mungkin orang pesan.. padahal udh di wa dri pagi,,siang sampe sore ditanya kpn paketny di antar malah gak dijawab,giliran sdah malam baru dikonfir klo hri sdah mlm"
aurel ia,1,2026-05-09 15:40:13,PENGIRIMAN LAMA BANGET KEK SIPUT SEMINGGUAN BISA BISANYA NYAMPE PAKET GA KEK APLIKASI SEBELAH 2 HARI UDAH DTG JDI MLS MESEN DI SINI TOLONG YA GANTI AJA EKSPEDISI NYA BIAR CEPET
Nurul Aini,5,2026-05-09 15:38:34,barang bagus
Renii AfriyantiReni,3,2026-05-09 15:38:32,"kecewa bgt makin kesinii pket yg hrusnya nympe tgl sekian tpi udh tanggal sekian ga nyampe2 jugaaa,skrg klo mo co juga hrus mikir ribuan kaliii karna lama datang nya padahall keterangan nya udh dihub daerah masing2 tinggal dianterin bahkan 2 hari kemaren posisi pket menuju alamatmu tpi ujung nya gajadi dikirim trus wk."
Nasrullah Ullah,4,2026-05-09 15:37:47,apakah dsini bisa meminjamkan uang kepada orang yang butuh termasuk sya slah 1 nya
TEJA ASSALAM,5,2026-05-09 15:37:44,terimakasih atas pelayanan nya saya Muhammad teja ALMA'RUF
Bang Ost,5,2026-05-09 15:37:12,sejauh ini shopee tenpat belanja ternyaman👍
Thk Mks,5,2026-05-09 15:36:34,Shopee mantap dan super keren🥰🫰
Gabe Simatupang,5,2026-05-09 15:31:24,Kasih banyak terima kasih
Zawil Kiram,5,2026-05-09 15:31:08,aplikasi belanja terbaik nomor satu di Indonesia
Muhammad Alfatir,5,2026-05-09 15:29:17,buat lebih bagus lagi
Astuti Alsetiono,5,2026-05-09 15:28:31,"paket pengiriman cepat.sesuai estimasi,aman,konfirmasi kdtangan paket.toko toko yg amanah."
Nazril Syahputra,5,2026-05-09 15:27:23,apk ini sangat memuaskan aku suka
Yo_yon Suyono88,5,2026-05-09 15:26:47,Untuk saat ini nyaman belanja bersama Shoope..
Wilda Sahla,1,2026-05-09 15:26:01,tolong sisitem coinnya diperbaiki karena saat saya menukarkan coin sopi karena uang saya kurang 200 perak sistem tidak bisa mendeteksinya alhasil saya tidak bisa membeli barang tersebut (shopee pay)
Magriby Tansuir,5,2026-05-09 15:17:37,aku sudah kasi bintang lima skrg tingkat terus layanan nya
Wayan Sigra,5,2026-05-09 15:17:22,"​""Bintang 5 buat Shopee! Selalu puas dengan barang-barang yang saya beli, kualitasnya oke dan kuat. Pelayanan seller terbaik dan sangat membantu. Terima kasih Shopee sudah jadi platform belanja andalan saya!"""
Meivan Wahani,1,2026-05-09 15:15:33,tidak bisa aktifkan paylater
SANTOSO PUTRA,5,2026-05-09 15:11:18,kadang ada toko yang tidak amanah
Syaifudin Yusuf,1,2026-05-09 15:08:57,melebihi tanggal estimasi tolol banget jir
Askana Sakhi,5,2026-05-09 15:08:32,sukaaaaaa maksaih
Malik Rahim,5,2026-05-09 15:08:01,"sangat puas,lah mslah pelaynanx,is the best dech,buat shopee"
prince ryz,1,2026-05-09 15:07:59,"sekarang pengiriman lama terus tidak kayak dulu, pas masih sama j&t pasti pesanan cepet sampai kaya dulu"
Harum ilmiasa fatihah,1,2026-05-09 15:06:57,"aplikasi suka error, ngelag. padahal sinyal bagus. bad lah pokoknya mending belanja di app lain aja"
Widianto Reksa,5,2026-05-09 15:06:38,amat sangat bagus dari segi kiriman baguss pollll gak cacat
Qadri muhammad,1,2026-05-09 15:04:38,belanja dua kali udah lama nunggu malah dibatalkan sepihak sama shopee
Rudi Nur,5,2026-05-09 15:00:42,pengiriman tepat waktu dan barang tersegel serta kondisi baik
Dilah Bhawel,5,2026-05-09 15:00:40,bagus
Fifi Rahma00,1,2026-05-09 14:58:40,"kenapa sekarang Shopeefood nya mahal"" bgt ya? beli makanan harga 10k, kena ongkir 8k + biaya layanan aja sampe 6k, padahal gk jauh"" bgt kok warungnya. lebih mahal ongkir sama biaya layanannya dri pada harga makanannya. mau dapet voucher gratis ongkir pun cuma ngurang 1k doang, setengahan harga sama harga makanan nya. kikir bet dah"
Littlebunny,1,2026-05-09 14:57:31,"ganti hp pas login shopee pake berbagai macam metode terus diwajibkan verifikasi wajah udh berulang kali dicoba selalu dibuat sistem error' Woi yg bener ajaaa udh jelas yg punya akun siapa masa karna ganti perangkat atau hp jadi gabisa ngenalin, jelas jelas udh login email login dari wa pake sandi ahhh aplikasi bego"
gHr ndrn,5,2026-05-09 14:56:27,"Pengiriman cepat, alhamdulillah barang-barang aman dan dikemas dengan rapi, harga bersaing. Terima kasih shopee. *untuk pelanggan yang menyertakan alamat rumah bukan tempat anda tinggal, tolong jangan malas menyertakan Nomor yang bisa dihubungi atau keterangan tambahan agar kurir tidak bingung, terimakasih 🙏"
Nur Bangi,1,2026-05-09 14:56:09,"nge ganggu bnget di crome, aplikasi jelek tutup aja banyak penipuan sering nyedot saldo di dana atu bri, sebaik nya jangan di dowload"
Silvi Hariani,5,2026-05-09 14:55:54,"sangat membantu untuk keperluan rumah tangga,perabotan, keperluan dari bayi sampai dewasa semua sesuai terima kasih shopee"
Siti Mariam,5,2026-05-09 14:55:41,"aku ganti jadi ⭐️⭐️⭐️⭐️⭐️ sbelumnya aku kasih ⭐️⭐️⭐️ terimakasih shopee 8thn sudah ,barang ga pernah kecewa ,mau itu seller / mall"
Yau Toto,5,2026-05-09 14:53:34,cakep
Elpani Rosdianti,2,2026-05-09 14:52:40,saya seneng belanja disini tapi sangat disayang kan ketika beli makanan d shopefood harusnya pihak shope jangan bikin double double order gt jadinya bikin nunggu lama .
Almira Agis,5,2026-05-09 14:51:58,mantap
Ajeng Lucky,5,2026-05-09 14:50:03,shopee VIP emang mantabbbb
muhamad arfakhsyad,1,2026-05-09 14:49:11,perbaiki tuh sistem top up nya jngn di korup
Riandimiftah Riandi,5,2026-05-09 14:46:06,ok
gunawan wibi,2,2026-05-09 14:45:23,malas retus. kenapa sekarang pelayanan jelek jelek.
Ini Indah,1,2026-05-09 14:43:42,kali ini saya kecewa pengiriman sudah seminggu pesanan belum tiba stuck di semarang aja
Imam suwito,5,2026-05-09 14:43:23,Sangat puas pelayanan shopee
Yin Yeye,5,2026-05-09 14:40:12,mantap sangat membantu sekali👍👍👍
Edelina Situmeang,5,2026-05-09 14:38:47,lemarinya bagus gampang di pasang pengiriman jauh k sanger gak ad yg rusak padahal dosnya Uda ad yg kebuka²
Ayu Tria,5,2026-05-09 14:37:38,Bagus 👍
AfAn CooL,5,2026-05-09 14:37:01,oke
Adeline Putri,5,2026-05-09 14:36:28,tempat belanja tanpa ribet
d81 ucum,5,2026-05-09 14:32:25,sangat puas
Nisa Karimah,5,2026-05-09 14:30:35,banyak diskon mantp
Samudra Motor,5,2026-05-09 14:29:46,bagus
alfino firmansyah,5,2026-05-09 14:27:08,"AKU KASIH BINTANG 5 AGAR MUNCUL DI ATAS, TOLONG YAA APLIKASI NYA INI SUDAH BAGUS BNGT BANYAK DISKON JUGA TAPI SATU BERMASALAH DI PENGIRIMAN TOLONG GUDANG SORTIR DI BANDUNG ALIAS BANDUNG KOPO DC TOLONG DI PERBAIKI BANYAK PAKET YANG KEHALANG DISANA TERMASUK PAKET SAYA. 5 HARI DI KOPO DC."
Tio Tio,5,2026-05-09 14:26:10,josss
Miftah Hadi,5,2026-05-09 14:25:56,keren
saprianto tanjung,5,2026-05-09 14:24:50,"Shopee Payleter susah bner percaya keorang, ada saran lainkan supaya bisa kredit lebih baik"
New Cat Laugh,4,2026-05-09 14:23:36,Tolong yang tokonya tidak amanah ditutup aja
Ai Nurulfah,5,2026-05-09 14:23:20,sangat puas
Joni Panggabean,5,2026-05-09 14:21:35,ok mantul
Nyoman Sumarmita,5,2026-05-09 14:16:35,sangat membantu belanja keperluan rumah tangga dll.
Hatta,5,2026-05-09 14:15:04,belanja jadi gampang
Sirun Prasetyo Pajam,5,2026-05-09 14:13:21,terimakasih
Januariawan Widjaja,5,2026-05-09 14:11:13,cepat kirim nya
Pujiono Nonok,5,2026-05-09 14:10:38,Shopee jhosss...gandhoos
Fahmi Fahmi,5,2026-05-09 14:10:08,Amanah dan terjamin
Choirur Rozikin,5,2026-05-09 14:09:41,"Shopee belanja apa aja mudah,sangat membantu kebutuhan kita.terus berkembang.sukses"
Hibu Ran,3,2026-05-09 14:06:24,aplikasinya lemot sekali
Hafiz Ziwardana,5,2026-05-09 14:05:36,baik☺️☺️👍
Alviera Elqueena,1,2026-05-09 14:05:07,"udah langganan shopeevip ongkir nya tetep aja mahal, kecewa sih mending gausah langganan deh 🙏"
Yuni Ningsih,5,2026-05-09 14:04:44,"semenjak pindah ke shopee indonesia ini saya sangat puass,baget dan amanah 👍🏻🤗🙏🏻"
Aria PUTRA,1,2026-05-09 14:04:37,apalah pas mau liat pesanan lag banget padahal buka yg lain bisa dasar aplikasi aneh
Sofyan Solihin,5,2026-05-09 14:03:35,good
Mukhlis Siraju,5,2026-05-09 14:03:00,cepat dan tepat
Stepan Elbri,2,2026-05-09 14:01:54,"dari pihak kurir dan pengiriman barang tolong lain kali jgn terlalu lama dan kurir biasa gak menghubungi whatsapp customer.Terus juga bisa se'enak nya kurir meretur barang,karena dengan alasan lokasi pembeli tidak di temukan,padahal dri kurir nya yg tidak ada menghubungi kontak..."
Ekky Luskiana,5,2026-05-09 14:01:13,puas belanja di shopee.harga bersahabat
Rizki Fajrian,1,2026-05-09 13:59:37,pelayanan tidak memuaskan banyak iklan tidak penting pembeli diabaikan banyak prosedur tidak konsisten dan amanah.
V tv 7630,5,2026-05-09 13:58:16,ok lanjutt
Hasan asngari,5,2026-05-09 13:56:54,terang juga lampunya modelnya bagus
rachman efendi,5,2026-05-09 13:55:11,sesuai pruduk no tipu tipu
Adi Surya,5,2026-05-09 13:53:54,terbaik
Ipat Andi,1,2026-05-09 13:53:19,"makin jelek aja nih shopee,,, masa pesanan sata di batalin semua. udh ga serublanja di shopee"
Hasrat Bersama,5,2026-05-09 13:52:13,sangat puas belanja online semua lancar dan amanah terimakasih semuanya
bans twan,2,2026-05-09 13:51:29,"tiap buka shopee langsung masuk shopee live, ini sangat ganggu banget sih, bayangin aja kita buka di tempat rame atau ingin buka secara diam² saja, ee malah kedengeran suara shopee live, sumpah ganggu, seharusnya berikan keleluasan pada pengguna apakah ingin cari produk lewat shopee live atau scroll & pencarian di apk secara mandiri,. jujur saya lebih nyamandengan scroll atau lewat search product apa yang saya inginkan."
Ucil,1,2026-05-09 13:49:25,semua bagus mulai apk sampe jasa ekspedisi hanya karena ulah satu oknum kurir spx bisa bikin nama baik hancur tolong di evaluasi kurir spx di area pare kediri jawatimur yang suka chat pagi 09.29 bahkan sampai maghrib pesanan belom nyampe ( gak sekali dua kali tapi berkali kali ) hari ini 09 mei 2026 dan bahkan pembatalan pesanan bikin dokumentasi bukti pengiriman bukan foto rumah saya tapi foto rumah orànglain masih ada ss nya di saya tgl 03 mei 2026
Masfufah,5,2026-05-09 13:44:38,saya sangat puas banget belanja di Shopee belanja lebih mudah dan praktis tidak menyita waktu
Salamu Bgg,5,2026-05-09 13:35:51,selama ini baik-baik saja.
Denis Kaila,5,2026-05-09 13:35:25,bagus
MY ADVNTR,5,2026-05-09 13:33:49,oke
Leni Store,5,2026-05-09 13:33:39,yahbiasa
Jekiie •Vh,1,2026-05-09 13:32:35,"DULU CUMA 2-3 HARI SAMPAI LOKASI, SEKARANG 7-9 HARI BARU SAMPAI.. DISKON NYA DOANG GEDE TAPI KALAH CEPAT SAMA TOKOPEDIA URUSAN KURIRNYA"
Wahyuni Tok,5,2026-05-09 13:32:12,ok
Nurfit Fit,5,2026-05-09 13:32:00,"puas beli dishopeee ,love2 .sukses trus ya"
farros arkadea,5,2026-05-09 13:27:59,aplikasi yang bagus buat belanja online
Amira Mira,5,2026-05-09 13:26:06,sangat puas dengan shopee
Lilis Lilis rosliayati,5,2026-05-09 13:25:31,Bagus
Azizah Azka,5,2026-05-09 13:23:17,memuaskan selalu amanah
Angah Mat KoinG,5,2026-05-09 13:21:38,sangat membantu
Cecep Ahmad Sukandar,5,2026-05-09 13:21:29,"good fast respon, transaksi kuota & pulsa lanjay"
Rini Mumu,1,2026-05-09 13:18:39,"beberapa kali pesan paket tidak pernah sampai kemudian disuruh batalin, kocak shopenya"
Irsan,5,2026-05-09 13:18:02,selalu sesuai yang dipesan
Opan Kalimas,5,2026-05-09 13:17:45,aplikasi sangat bagus Buat Belanja online secara mudah ✌
Nury Abadi,5,2026-05-09 13:14:44,harusnya ga perlu aktifkan lokasi ketika mau beli barang
Eko Siswanto,5,2026-05-09 13:14:40,mantap
Habib Ganteng,5,2026-05-09 13:13:04,waw
Muhammad Usman,5,2026-05-09 13:10:47,memuaskan
Khalisha Zain,5,2026-05-09 13:10:42,paket stuck semua ga jalan-jalan
fadhil fajar,5,2026-05-09 13:08:35,Terimakasih shopee memudahkan berbelanja tidak perlu keluar rumah sangat menyenangkan belanja online berkat aplikasi shopee berbelanja gak ribet dan mengasyikkan
abi rayyan,5,2026-05-09 13:08:16,sangat mudah berbelanja
Destine Khairissalam,1,2026-05-09 13:05:35,tidak bisa membatalkan pesanan saat salah lokasi
Wuwu Mungil,5,2026-05-09 13:02:14,bagus
Mobile Legends,5,2026-05-09 12:59:49,seneng belanja lewat sini gampang. tapi kenapa banyak kendala sih heran
Habibi Kuok,2,2026-05-09 12:56:24,kurir tidak amanah
Muhib Burrohman,5,2026-05-09 12:55:41,bagus banyak diskonnya
Niko Burmese,5,2026-05-09 12:55:17,"maaf ya Shopee,kadang-kadang pengiriman salah tolong jangan sampai salahya biar aku suka!. tapi MBya di kurangi"
Faiz nur rohman,1,2026-05-09 12:55:07,gak bisa chek out
20.Muhammad Sahrulkan8E,2,2026-05-09 12:55:03,"kelamaan pengembalian dana , sehingga kalau butuh uang nya harus nunggu dlu"
Maspaidi Paidimas,5,2026-05-09 12:54:26,berbelanja di shopee murah dan kualitas nya bagus
Nur Aini,1,2026-05-09 12:54:07,"sangat buruk untuk apk shopee sekarang, saya pesan paket sudah 10 hari tidak sampai"" toko dari Tanggerang, tujuan paket ke Lampung, padahal di estimasi cuma 5 hari.. dalam proses pengantaran saja sudah 2x gagal, untuk hari ini yg ke 3x pengantaran gk tau sampai atau tidak hari ini, kejadian seperti ini bukan hanya sekali tapi sudah sering, masih mending di apk totok karna lebih profesional"
Ari slamet,3,2026-05-09 12:52:37,"samakin bagus,tapi tolong untuk waktu pengantaran paket ada tertera nama kurir waktu pengantaran,biar kita bisa tau siapa pengantar paket kita dan siapa yang bawa paket kita"
Nurul Latifah,5,2026-05-09 12:51:33,sampai sekarang masih setia belanja menggunakan shopee dan diskonnya tiap bulan pasti ada dan banyak.
AN2V Borneo18,1,2026-05-09 12:50:26,"Terlalu banyak penjual Penipu tolong shoppe di Cek lagi penjualnya & pengiriman Sangat lambat sampai barang rusak dijalan, Laporan CS nda ad solusinya"
wahyu pujakusuma,5,2026-05-09 12:50:08,"terbantu banget dengan ada nya shoope belanja jadi lebih mudah ,dan sistem return yang praktis,mohon terus di tingkat kan lagi pelayanan Nya."
hendra,5,2026-05-09 12:47:51,keren
Mirai Chikara,2,2026-05-09 12:40:47,"COD Cek Dulu membuat Kurir SPX jadi lama. Memang bagusnya Cek Dulu bisa mempermudah pembeli kalau barang tidak sesuai atau ada kerusakan di jalan. Tapi itu juga termasuk ""Resiko Belanja Online"" yang harus ditanggung oleh Pembeli. Biarkan saja pembeli sendiri yang mengembalikan barang pesanan kalau ada yang tidak sesuai. Bukannya menambah jam kerja kurir yang membuat pengiriman jadi lama. Dari Pengguna Shopee untuk Shopee, ""Kecepatan Pengiriman lebih baik daripada Kemudahan Pengembalian"""
Umardi,5,2026-05-09 12:38:56,oke baik
Minggu,5,2026-05-09 12:36:13,Good job
Jacob Pakaja,5,2026-05-09 12:33:10,bagus membantu ekonomi
Panzer KuroTiger,1,2026-05-09 12:31:47,"iklan lu tuh ganggu anjing, udah syukur gw download gw simpen di hp gw tapi tiap iklan lu muncul gw langsung di arahin ke apk lu. mana berulang lagi. gw hapus, gw pengin tenang gak di ganggu iklan lu. cuih."
Nul Darasista,5,2026-05-09 12:30:28,Puas Pakai Shopee
Seger Subagio,5,2026-05-09 12:30:16,ok
Dani Dakar,5,2026-05-09 12:30:14,"aplikasi shopee sekarang berat lemot banget padahal udah di update versi terbaru, gak kayak dulu lancar, sekarang banyak kendalanya mau buka aplikasinya suka lamaaa..kadang ngeblang putih doang, mau memuat halaman juga sama lama terkadang keluar sendiri dari aplikasinya, tolong pihak terkait diperbaiki lagi aplikasinya🙏🙏, udah coba beberapa cara tetap aja kayak gitu"
Acinputra Putra,4,2026-05-09 12:28:46,4 dulu
joknan jj,5,2026-05-09 12:28:27,lumayan
Aryanto Munawar,2,2026-05-09 12:26:43,sejak dulu saya pelanggan vip. beberapa bulan ini shopee menyebalkan. seolah dengan memberi kompensasi tak berguna sepuluh ribu perak kemudian menganggap enteng keterlambatan kurir. eh kita gak butuh duit kompensasi
Trevor monsterveson Damara,5,2026-05-09 12:24:46,rp shopee ini rp. 200000 ipad pro 13 m5 inch banget sih kalo aku gk harusnya kenapa sih shopee 0% ini ada
Dimas Pradhipta,1,2026-05-09 12:24:09,Shopee Pinjamnya lama banget approvalnya padahal gw termasuk orang yang selalu bayar tepat waktu jadi mendingan pindah kesebelah aja apk ijo
Ujang Kholid Irawan,5,2026-05-09 12:21:27,"shopee,memang ok"
untung,5,2026-05-09 12:18:44,Bagus
Bakty Setiawan,5,2026-05-09 12:17:16,selama saya menggunakan shopee segalanya JD mudah dan gampang barang yg sy cari selalu ada dan juga murah banyak ragamnya juga .selama ini shopee selalu menjaga agar konsumen tidak ragu atau bimbang terhadap pelayanan pembelian produk yg diberikan kepada konsumen.serta selalu menjamin kenyamanan bertransaksi.mantap pokoknya . trima kasih shopee
Gaspar Luandjaja,5,2026-05-09 12:17:00,"Bagus, ⁰⁹-05-2026"
I Apank,5,2026-05-09 12:16:56,membantu sekali
Riyanto Riyanto,5,2026-05-09 12:15:50,mempermudah
romi januarsah_tea,5,2026-05-09 12:14:44,Responsif Good Costumer Service Pokoknya Tingkatkan terus pelayanannya min
gede sudo,5,2026-05-09 12:12:59,jos
Ponsel Trade,5,2026-05-09 12:12:22,mantab ziwa
Kamale Din,5,2026-05-09 12:11:12,"harga murah ,pengiriman cepat,barang yg di toko seller sesuai.banyak promo dan vuchernya.makasi shopee lite"
erlangga bayu,1,2026-05-09 12:10:33,udah kerasa semenjak ada spx paket jadi pending lama .kalo dari pihak ekspedisi masih belum bisa cover .balik aja kayak dulu. mau ambil di drop point juga gak bisa.
Sansaj,1,2026-05-09 12:09:40,nggak bisa ke instal
Dadang Suryana,1,2026-05-09 12:09:09,ini apk lama² jadi semacam apk tiktok. setiap buka apk shope langsung disambut video drakor. sungguh menjengkelkan orang mau cari barang malah suruh nonton drakor
lesmana fik,1,2026-05-09 12:07:59,"cs dan tim shopee skrang kinerja nya pada buruk ya, masalah blm di selesaikan, lgaung ttup chat/ tutup laporan dengan jwban yg template itu2 aja, di tnya apa jwbnya apa, kyknya pada males bnget utk mmbantu permasalahan kami, smpe di kasus pelaporan aja bgitu di jwab dgan jwaban yg template, lgsung main ttup laporan gitu aja dgan di tandai masalah selesai. ampun dah shopee shopee. bngung sy utl cri solusi ny, sdang kan chat cs dan lgsung ke tim nya aja kyk gitu"
Yuli Yani,1,2026-05-09 12:07:39,kak ini kenapa udah ngikutin standar shopee msh di hapus yaaa.. kebijaksanaan dari mn ini.. ga masuk akal sii... standar shopee udah.. msh di hapus.. aneh.. ga kayak toko ijo dan tok tok ga bnyk aturan lama2 shope di tinggal sama bnyk orang
Achmad Apriyudin,1,2026-05-09 12:07:19,berak
latifah hanum Sitompul,5,2026-05-09 12:06:43,keren
eno _na,1,2026-05-09 12:02:47,"pengiriman lambat, sudah lambat di batal kan sepihak. tanpa alasan tertentu. kecewa"
Risca Amalia,2,2026-05-09 12:02:19,"kenapa susah banget sih kalau lagi chat sama kurir? selalu loading muter2, ujung2 nya pesan tidak terkirim, padahal koneksi kenceng, chat sama penjual juga aman2 aja, giliran chat sama kurir loading terus berujung pesan tidak terkirim, dan ini sudah berlangsung lama bukan baru2 ini, padahal apk sudah di update, sudah di clear chace"
Nurjannah Ayunnisa,5,2026-05-09 12:01:04,"Aku rating buruk dulu smpe akunku balik dan pesananku dimunculin statusnya apa kalo ga minimal saldo ku 500ribu itu dibalikin, cs juga skrg gda respon biasanya paling cpet 5 jam bales ini lebih dari 5 jam gables bales"
Jamilaah,5,2026-05-09 11:59:57,pokok Nye shopee dee..h
Growto Pekok,5,2026-05-09 11:57:44,pokoknya puas
Tri Yani,1,2026-05-09 11:57:42,"kyk udh bener unisntal aja,..ganti ke hitam lebih cepat...pihak shopee payah gk ada perbaikan."
Ramadhani,5,2026-05-09 11:57:16,saya senang belanja di shopee
schandraw,5,2026-05-09 11:55:19,"Belanja di shopee sering puas. Tapi kalau da penjual nakal, bikin kita kesel gk puas, kecewa abis misalnya, tolong shopee ikutan menertib kan dong.....agar kita tambah suka ma shopee.❤❤❤"
Fatimah Fatin,5,2026-05-09 11:54:58,hu hu 😑😐
imam suyudi,5,2026-05-09 11:53:50,mantap
Asma Wiyah,5,2026-05-09 11:53:42,"saya sangat puas dengan pelayanannya mas kurirnya baik baik dan sopan,, semoga Shopee makin jaya"
Muhammad Sudarto,5,2026-05-09 11:51:59,shopee cukup informasi dan berkualitas
Wahyu Pribadi,5,2026-05-09 11:49:47,shopee the best
abenk domasan57,3,2026-05-09 11:48:33,"Demi Image Shopee Saya Mohon Bagi Penjual Yang Tidak Amanah Blokir Saja,,,Atau Perketat Bagi Pendaftar Yang Akan Berjualan Barang Di Shopee,,, Harus Jelas & Amanah,,, Karena Saya Sering Kecewa Belanja Di Shopee,Begitu Barang Sampai Tidak Sesuai Deskripsi,,, Terimakasih."
Yoga Akbar,1,2026-05-09 11:46:52,"tolong buat pemerintah lebih di perhatikan lagi ini Shope, sungguh banyak merugikan masyarakat indonesia, apalagi pedagang yang sering di main pembeli untuk minta dana refund dimana uang pedagang jadi tertahan, mending pedagang yang banyak modal, kalau baru jualan, gimana nasih makan anak istrinya kalau uangnya tertahan ? perlu di perhatikan untuk dapat toko"" merchant yang tidak proporsional ini buat kantor perwakilan di tiap daerah,agar melayani komplain lebih baik"
Arumi Gayatri,5,2026-05-09 11:46:20,mantap
Triyono Tiyo,5,2026-05-09 11:46:06,"Sebagai aplikasi Olshop sudah bagus, CUMA Iklan Shopee SANGAT MENGGANGGU disetiap aplikasi lain & selalu otomatis masuk? Sistem lacaknnya acak-acakan"
Roen Saputra04,1,2026-05-09 11:44:42,tolol
Irna Andreyani,1,2026-05-09 11:44:01,"shopee food sekarang banyak kali biaya ini itu nya, di luar biaya pengiriman kenak 13.000 di luar biaya ongkir, masak ada biaya pengemasan seharusnya beli makanan ya udh itungan sama biaya pengemasan tambah lagi biaya lain² nya. padahal nanti biaya nya gk nyampe ke seller dan harga yg tertera juga pasti lebih mahal dr harga seller, ini di bebani lagi biaya lain² mending shopee perbaiki diri lah, udh banyak orang yg komplain masalah biaya ini itu jangan nanti orang² ninggalin shopee"
Dede Yaya,4,2026-05-09 11:43:58,"kenapa ya belakangan ini paket nya lama sekali datang padahal etimasi nya 3 hari tapi seminggu belum datang juga, ini udh kesekian kali nya lo padahal waktu kita berharga"
Rahniga Putri Pratami,5,2026-05-09 11:42:15,mantap
Bisma Irawan,1,2026-05-09 11:41:05,"paket sudah 10 hari belum sampai , pengiriman bolak balik ngga jelas padahal alamat nama nomor dah sangat jelas , lambaaaaaat"
Zha Naina,5,2026-05-09 11:39:33,bagus
Herry Agung Subagyo,5,2026-05-09 11:38:47,sangat membantusekali
Tinar tin,2,2026-05-09 11:38:05,"Lumayan sih belanja disini tp ..... (""hadiahnya kecil bangeettt kurang banyak"")."
Krisna Putra,5,2026-05-09 11:37:11,suka dengan promonya
THALITA NARAYA awondatu,1,2026-05-09 11:36:33,"APAAN SEKRANG SHOPEE, DULU PAKET TELAT SAMPE DAPET VOC POTONGAN 10K MIN BELANJA 10K, SEKRANG MIN BEL 120K?!!! GA MASUK AKALLLLLLLLLL!!!!!!"
Kiki Pasiran,5,2026-05-09 11:33:24,mantap
Susanto CakraTunggal,5,2026-05-09 11:32:41,"lumayan lengkap ,harga terjangkau"
Salsabillah Khoirunnisa,1,2026-05-09 11:32:12,"4x pesennnnn kenapa pesanan saya dibatalkan truss?pdhl udh jelas"" estimasi tiba nya udh tertera oke deh klo telat 4/5 hr ini smpe berminggu"" udh gtu maen batalkan aja ga lagi"" deh pake shope lgi"
Rojack Ajha,1,2026-05-09 11:31:07,"shopee sekarang lama banget pengiriman nya gak kayak dlu. apalagi semenjak gak bermitra lagi sama ekspedisi lain, udah kayak se enak jidat ngirim paket orang. 👎👎👎👎👎"
Iswardi Yahya,5,2026-05-09 11:30:58,shopee konsisten free ongkir...excellent
Buyung Luhur Pambudi,1,2026-05-09 11:26:38,"Waspada sebelum langganan VIP! Meskipun sudah bayar, promonya tetap sistem rebutan dan vouchernya banyak yang eror. Saya pribadi sudah rugi voucher McFlurry karena hilang di sistem tanpa bukti. Sampai sekarang, voucher Point Coffee dan McD Ice Cone pun masih belum bisa digunakan. Pikir-pikir lagi sebelum langganan."
Ratna Komala,5,2026-05-09 11:26:38,penglman yg memuaskan
Nuri Nh,4,2026-05-09 11:26:04,Soal voucher Shopee enak banget banyak voucher dan gratis ongkir. Tapi aplikasinya agak lambat jadi berat harus sinyal kencang banget.
ABHIVANDANA RUNA,5,2026-05-09 11:21:35,aplikasi nya membantu buat orang yang males keluar
Sendy Ranty,1,2026-05-09 11:20:20,kenapa sih shopee sekarang pengiriman nya selalu lambat sampai bisa 6hari Baru sampai...padahal sudah dalam perjalanan ke alamat..tapi defkripsi nya di tunda trus .kenapa begitu ya..sampai saya samperin ke gudang shopee nya loh
Muman Maulana,5,2026-05-09 11:20:05,bgus
Supriadi Gustom,5,2026-05-09 11:18:49,tempat berbelanja paling murah
Nia Febiyanti,2,2026-05-09 11:18:37,setiap mau return barang dishopee ga pernah diambil.padahal udh 3hari lebih tapi ga pernah diambil
Iwankurniawan Kurniawan,5,2026-05-09 11:17:42,"bintang lima biar d bacaa,,, aga heran sihh sama akun shoppe nyaa , kenapa ga bisa bayar cod harus lewat tf teruss kan aku jadi susah kalo mau chekout barang"
Jimi Slow,4,2026-05-09 11:17:33,oyoyoy
Loli Cania,5,2026-05-09 11:17:15,sangat membantu dalam keadaan normal
Esa Lingga Suri,4,2026-05-09 11:16:57,"bagus si sbnrnya, cmn skrg suka kesel grgr shopee foodnya lama bgt, nyari drivernya lama, pernah sampe sejam, aku lupa batalin, sampe dapet driver 1jam lebih, kadang jg suka eror, pesen makan resto jarak 1km malah keubah 5km, suka bingung, pokonya mines di driver doang lama bgt, tolong itu knp bisa lama"
Aprianty Riri,5,2026-05-09 11:16:04,oke bgt top sukses selalu shopee
ADIATMA OFFICIAL,1,2026-05-09 11:15:21,makin kesini makin gak. jelas saat cek harga harga awal 15 k Saat cek out berubah ubah kadang 16k kadang 20k/ each jadi kita sebagai pembeli bingung mau cek out payah payah gak recomended mainin harga
Rieadarie,1,2026-05-09 11:14:50,"ga usah sok manis krn aslinya IBL.S! klen buat aturan makin mencekek, pemgembalian produk! pot 23%! iklan 25rb/produk/hr bahkan skrg lbh klen cekek hny krn dilihat! isi habis 25rb utk 3 iklam ga sampe 5mnt habis,mau keln iklan 1jt sehr! Brp pastikan omset!klen pikir semua pemain besar! Ecom j.h.n.am! bkn krn klik lg bkn diringankan krn ada yg beli,bukan dukung umkn tp di b.n.h berlahan!Aku sumpahin klen yg buat aturan kelak kelen akan susah sulit kehidupan lalu dicekek lg! Zolim! tdk ada nurani!"
Muhamad Alfi,1,2026-05-09 11:13:14,tolong ya buat Shopee.. uang saya belum juga di kembalikan.. dalam proses terus katanya nunggu 1x 24 jam tapi ini udah melebihi estimasi nya. cs nya bilang tinggal di tunggu aja gak ada keterangan lain. di tanyain lagi ke cs yang lain suruh ngisi form nya kenapa gak dari kemarin coba suruh ngisi nya kalo gini saya jadi nunggu lebih lama lagi.
nyai haji,5,2026-05-09 11:13:10,puas
yanto,5,2026-05-09 11:12:58,sangat puas
Dapi Str,1,2026-05-09 11:12:58,aplikasi penipuan
Riki Susilo,5,2026-05-09 11:12:11,Kren
Rudy Tsyaa,1,2026-05-09 11:09:01,paket selalu saja ngestuck
Danny Dpo,1,2026-05-09 11:07:11,sering berpindah ke aplikasi shopee sendiri dan itu sangat mengganggu
Bulla 02,4,2026-05-09 11:05:19,4 bintang dulu ya so msh banyak toko yg kurang amanah lain d pesan lain juga yg d kirim jd klo bisa shopee lbih selektif lagi
Ika Sucihati,5,2026-05-09 11:04:21,selalu puas belanja di shopee dan Alhamdulillah barang yg aku pesen selalu sesuai.
Dedi Junior,1,2026-05-09 11:03:44,Suka salah kirim paket
Sorek Satu,5,2026-05-09 11:02:44,semoga di baca
Ahmad Kurnia,2,2026-05-09 11:01:53,shoppe knapa paket saya gak sampe² dah melebihi estimasi gak gerak sama sekali ini gimana ini
Adrian Abudede,5,2026-05-09 11:01:23,Bagus Nih Aplikasi Gua Beli Baju Real Madrid Kualitas Bagus Banget Udah Gitu Pengiriman Nya Gak Lebih Dari Estimasi
Elly Marlina,5,2026-05-09 11:01:13,pengiriman cepat
Yogi,1,2026-05-09 10:58:50,"Pihak shopee sanat lemot menangani masalah, pesan barang ke pelapak disini sudah ada resi untuk pick up barang tapi barang tidak di serahkan ke jasa kurir, dan chat penjual tidak di respon, pengajuan pembatalan harus nunggu waktu lama sampai penjual merespon. padahal penjual tidak merespon chat, sangat kecewa shopee tidak bisa bantu, mau cari barang di toko lain jadi terkendala harus menunggu di setujui pembatalannya. belum lagi masalah lain."
Didit,5,2026-05-09 10:56:53,sangat membantu
Aku Wae,5,2026-05-09 10:52:21,"sangat puasss, pengembalian cepat dan kirim cepat"
Hery Fasila,5,2026-05-09 10:51:14,mantaf
turino turino,5,2026-05-09 10:50:57,mantap lah
Muksin Alatas,5,2026-05-09 10:50:57,bagus
Itell Cel,5,2026-05-09 10:50:50,keren
Joko Priambodo,5,2026-05-09 10:50:37,bagus
Nay Ros,1,2026-05-09 10:50:15,tolong ya cs nya bisa di edukasi buat nanganin masalah biar g template jawabnya
Dias Baru,1,2026-05-09 10:49:10,kenapa spyliter saya ngga bisa di pake????
adi pati,5,2026-05-09 10:44:27,sangat puas
sunatha lisha,5,2026-05-09 10:43:54,keren
Infinix 3398,5,2026-05-09 10:42:56,selalu puas berbelanja di shopee 🤗 pengiriman selalu cepat dan harganya juga selalu terjangkau
Simarmata dosiraja,5,2026-05-09 10:41:53,kenapa ada pembatasan cod..jdi gk bisa mesan barang lagi saya
Putri Salsabila,5,2026-05-09 10:38:05,bagus banget. sangat membantu sekali memudahkan untuk belanja dari rumah. tanpa ribet keluar rumah belum lagi panasan polusi harus antre lagi. cukup dengan rebahan buka aplikasi shopee tinggal pilih scrooll pokoknya aplikasi ter the best. makasih ya sukses selalu.
Hernawati,5,2026-05-09 10:37:33,berbelanja d shopee pengantaran kurir nya bagus dan ramah 2
Andika 23x,5,2026-05-09 10:37:24,bagus untuk belanja online
TripleP 8984,5,2026-05-09 10:34:06,"online mall terbaik aqohhh, sementara ini. buat yang komentar aplikasi lemot, bikin hp lemot..heyyy hellow di update makanya aplikasinya. tiap tanggal kembar, pay day itu pasti ada update, ada promo baru, voucher baru. aplikasi itu gak cuman stay..tapi di update..sesimpel itu. trus hp, gadget kalian juga di update..cek sistem update di pengaturan hp kalian. jangan nyalahin aplikasi kalo hp kalian lemot. cek update berkala, atau nyalakan otomatis update di jaringan apapun."
Akun Zulkifli,5,2026-05-09 10:31:37,mantap sangat membantu
Raqilla Chanza,5,2026-05-09 10:30:48,Ok bngt
DEDY key,5,2026-05-09 10:28:58,berbelanja sangar aman dan nyaman
Ninda naura,5,2026-05-09 10:27:49,sangat membatu
Adriela Agatha,5,2026-05-09 10:24:22,"Shopee teman dalam berbisnis dengan adanya aplikasi shopee ini secara online saya diberi kemudahan dalam melakukan transaksi sehari hari dalam kebutuhan pribadi dan bisnis,terima kasih Shopee semoga kedepannya LBH bertambah maju dan sukses selalu🥰😇"
Berkat Jaya Lombu,5,2026-05-09 10:23:18,Sangat memuasakan
kelvinnaparo damares,5,2026-05-09 10:21:41,nice so fast
Ainun Bintang,5,2026-05-09 10:18:13,ni saya kasih bintang 5. tolong diperbaiki. semoga bukan pengguna vip aja yg bagus layanan nya.🙏🏻🙏🏻banyak vidio produk yang pakek Ai jadi g bisa lihat yg asli... barangny bagus atau tidak..jadi tidak sesuai...ditambah notif pengiriman lambat.. terima kasih
Lyuesan`,4,2026-05-09 10:17:07,bisa nggak si kasih fitur nomer pengirim barangnya supaya bisa ngasih tau misal lagi g dirumah/naroh uangnya dimana gitu
sayang you,5,2026-05-09 10:15:42,sangat baik pelayanan
Herbin Zen,2,2026-05-09 10:14:55,"aplikasi belanja tidak ada perlindungan dari penjual nakal ,saya beli kaos datengnya kardus Ama sendal jepit,,,STTS kiriman masih di jasa pengiriman ,tapi barang sudah dateng,untuk return juga akhirnya tidak bisa"
Mardi tarihoran Mardi tarihoran,5,2026-05-09 10:14:36,sangat puas
Dedi Kurniawan,5,2026-05-09 10:11:09,biar di baca telat notif nya tangal nya jga
Wardha Ayu,1,2026-05-09 10:08:17,"pengirimannya lama banget udah hampir 8hari gak dikirim kirim, 3x juga paketnya ditunda sama kurirnya, memangnya ada kendala apa Sampek ditunda 3x pengirimannya?ganti ajalah ekspedisi nya lama banget spx gajelass, udah chat di IG shoope juga tapi tetep disuruh menunggu Sampek estimasi yang ditentukan? udah 3x loh ditunda paketnya, ekspedisi gak jelasss!!!"
Nur Hadi,4,2026-05-09 10:07:54,sementara 4 dulu ya masih ada kekurangan
Ocha Gultom,5,2026-05-09 10:04:38,Sangat memuaskan
faqih mudjtahid,5,2026-05-09 10:03:37,"baru pertama pke Quris sopeepay, cepet itungan detik,luar biasa,jos gendos"
ROBI ROBIBOB,3,2026-05-09 10:03:21,baru kali ini beli barang pengiriman lama apa karena jarak yang sangat jauh 🙏
Suhaib Sjaban,5,2026-05-09 10:02:42,"ada apa dengan pengiriman shopee nih, masa barangnya diputer2 udah mau sampai malah dibalik ke sortiran lagi kan lucu, chat dengan cs tidak dapat melayani, gimana ni, mohon bantuannya"
Yoyo Suweknyo,1,2026-05-09 09:58:40,iklan nya sangat meresahkan
Shoul 1991,5,2026-05-09 09:58:02,suka
HARIONO coyong,5,2026-05-09 09:57:42,lanjut
Siti Maesaroh,1,2026-05-09 09:54:44,"makin kesinih jelek banget dikit2 pelanggaran,padahal ga macem2"
Memey Ie-Che,5,2026-05-09 09:54:18,"terpercaya,murah dan pengiriman cepat"
Ela,5,2026-05-09 09:53:44,shopee mantap is the best
NURUL HUDA,1,2026-05-09 09:52:47,"promo nya mantap, lebih banyak lebih seru"
nanank ipoel,5,2026-05-09 09:49:11,"Kurir Shopee express nya GaJe Ud 2 hari paket di kurir ga sampai2 Hari ke 3 ga sampai juga, saya kasih bintang 1"
Alya Al,2,2026-05-09 09:47:58,kek mana ni min paket saya stuck di tanggerang mulu hampir 1 bulan
Rahmat Fairuz,5,2026-05-09 09:44:40,ya sangat membantu dan banyak barang yg saya udah pesan
De Pok,3,2026-05-09 09:43:54,"cod nya,barang rusak di r ijek lsg cod. di blokir"
akra Dedra,1,2026-05-09 09:43:04,"optimalisasi aplikasinya masih buruk, nyari barang A, yg keluar malah I-Phone dan ntah kenapa Default nya selalu I-Phone, dimohon optimalkan lagi aplikasinya karena saya juga sering belanja disini 🙏"
Edward Syam,5,2026-05-09 09:39:24,shope memang banyak menolong belanja online
auto berkah,5,2026-05-09 09:38:32,cepat tepat akurat
Ahmad Alimi,2,2026-05-09 09:37:34,"kemarin ada pesen barang, mau return tapi susah prosesnya. jadinya ya nggak jadi return, barang gletak aja di rumah. sekarang beralih ke apk TT."
Isarah Aniah,5,2026-05-09 09:36:58,"shoppe memang mantap dech,,,apa pun yg mau dibeli smua ada,cara pengajuan nya juga tidak ribet.pokoknya the best,,,sy suka menggunakan aplikasi ini.semoga tambah sukses dech tuk shopee,,,"
Rovy Rovy,4,2026-05-09 09:35:51,"bisa gasii tau tempat kalo narok iklan, ujian gue jadi telat ngumpulll!!"
Al Amin,5,2026-05-09 09:35:35,puas
GG You,1,2026-05-09 09:32:27,"Jgn sekali2 pakek espedisi spx dari shope lemot parah, nggak 1/3x paket aja, yang awal nya estimasi 2-3hari jadi 7-10hari badahal di kota besar Bukan di desa mending pakek espedisi yang lain"
Ifa Afriani,4,2026-05-09 09:29:42,puas
Iftita Kurnia,5,2026-05-09 09:28:55,mau cari apapun ada. aplikasi mudah digunakan bagi pemula
Renita ria Piandani,5,2026-05-09 09:26:59,baik
Bang Iwan,5,2026-05-09 09:26:46,ok bgs sngt membantu dlm perbelanjaan
andy Irfan,5,2026-05-09 09:25:28,"aplikasi yang sangat bermanfaat untuk mencari barang yg di butuhkan tanpa harus pergi ke toko langsung,& juga untuk layanan foodnya sangat membatu ketika malam"" ingin makan namun tidak ada kendaraan shopeefood solusinya,terimakasih sukses selalu untuk shopee🙏🙏🙏👍😊"
Andi,1,2026-05-09 09:22:15,apk kagak berguna setiap gw mau instal di chrome selalu muncul ini di harahin ke apk gua kagak mau beli mohon jangan memaksa masuk ke apknya 🙏
Maria Susilowati,5,2026-05-09 09:21:56,terus tingkatkan layannan baiknya
Dewi Ra,1,2026-05-09 09:18:43,HERAN!! Barang sdh di bayar pas pengembalian dana susah skali😡 masa alasan ga jelas😡😡
Fadhila Ridhayanti,2,2026-05-09 09:13:31,"Kenapa kok skrg kalo pengiriman barang besar, ada tambah bea ukuran khusus? pdhal ekspedisi sudah milih yg kargo... Plis, namanya aja kargo, ya pasti barang kirimannya gede2... Masa diatas 3kg udah ada bea ukuran khusus? kalo pake reguler tuh baru make sense ada bea ukuran khusus... Tapi ini kargo, KARGO... yg dikirimnya ke alamat tuh pake MOBIL... Gila bgt kamu ambil untungnya ya..."
Farhan Abas,5,2026-05-09 09:11:43,Bagus
Ari Suhardianto,5,2026-05-09 09:11:24,keren
Imand Bae,3,2026-05-09 09:08:47,"Untuk bagian pengiriman, kalo barang udah sampe, masa pilihannya ajukan pengembalian sama lacak, aturan Ajukan Pengembalian sama Nilai, jadi orang ga klamaan nilainya"
Josi Natalis,5,2026-05-09 09:04:32,paling the best.🥰
Iman,1,2026-05-09 09:00:25,biaya-biaya yang ditanggung penjual naik teruuuusss.
Ahmad hasbulloh,2,2026-05-09 09:00:08,"skrang"" ini lemot bner pengiriman shopee 1 minggu lebih trus bru dateng sedikit masukan klo cari tendr jasa kirim agak bagusan dikit"
Suprihatin Aja,5,2026-05-09 08:56:03,mantap shopee..
Ana putri Rahmawati,5,2026-05-09 08:55:59,"Senang sekali pakai aplikasi ini, aku bisa belanja murah"
Airdrop Beginner,1,2026-05-09 08:55:57,"jadi afiliator komisi ga seberapa maaukin data pajak aja sulit bg, harus npwp yg di padankan , npwp aja napa sih , gausah aneh aneh kebanyakan ini itu"
Irwan Irwandi,4,2026-05-09 08:55:24,mudah
Nova Ova,5,2026-05-09 08:52:27,kenapa setiap top up tidak ada namanya ya ... pengirimannya lama kadang 3 hari 5 hari gak bisa instan ya ...
Tomisafa ID,1,2026-05-09 08:51:56,Aktivitas tidak wajar
Adam Akbar,5,2026-05-09 08:47:17,shopee sangat responsif terhadap keluhan konsumen ok banget
asri Jayanti,5,2026-05-09 08:47:13,shopee sangat.. sangat membantu untuk kami dalam hal belanja dan lainnya. terima kasih shopee. lancar dan sukses.
Remi Yuliati,1,2026-05-09 08:45:49,Spx instant rasa reguler pesanan belum di pickup up udah 2 hari. reguler gratis ongkir dan spx instant berbayar. bukannya auto ganti ekspedisi ini malah masih spx instant terus sampai kapan mau di pickup ini barang mau di pakai urgent. kapok Makai spx instant tau gitu Makai reguler saja.
Luh sri Suryanti,5,2026-05-09 08:41:39,sangat bagus
coco Ganteng,5,2026-05-09 08:41:38,ok
Deddy Adityaalwi,5,2026-05-09 08:40:30,sangat membantu
Samsuddin Udin,5,2026-05-09 08:39:44,terbaik
Bujang Darmawan,1,2026-05-09 08:39:23,"saya kecewa,2 kali barang pesanan saja di translate,ini saja di suruh nunggu ke 3 kali,saya udah malas,ngak bakalan barangnya saya ambil,lebih baik saya pakai jasa pengiriman yg lain"
sams loky,5,2026-05-09 08:38:05,update terbaru orderan tidak bisa langsung di nilai sebelum masa tenggang habis
temen gue,1,2026-05-09 08:33:41,iklan di tik tok suka ngeselin
Rita Ratu,5,2026-05-09 08:33:38,baguus
Note 13,1,2026-05-09 08:32:10,tolol shoope gk guna paket lama dtng pelayanan cs jg gk guna udh laporan tpi msih ga ada perubahan
Irham Ariansyah,5,2026-05-09 08:31:39,respon nya cpat sy suka
Andy Faradian,5,2026-05-09 08:30:43,soal harga terbaikkk
Komang Setiawati,4,2026-05-09 08:28:31,aplikasi bgs
Khoiruddin Nasution,5,2026-05-09 08:28:13,ok
Dafid Sulfiyawan,1,2026-05-09 08:24:40,"aplikasinya keluar suara video terus, padahal browsing2 doang.. mengganggu, padahal awal nggak liat video"
Made Juniarta,5,2026-05-09 08:21:47,Solusi Belanja Online 😎
Andre Tamarinduz,1,2026-05-09 08:21:17,sudah 2 minggu saldo gak bisa di tarik. verif di gagalin trus sama sistem. CS dihubungi gak bisa menyelsaikan. cuma bisa nyuruh2 yg gek jelas. kalo sekedar saran2 upload kita juga tau. yang jadi masalah sudah sesuai masih di tolak NPWP kenapa??? format sudah terbaru.
Rhuzz Lee,4,2026-05-09 08:21:11,fitur cod hilang
Saeful Rohman,5,2026-05-09 08:17:02,luarbiasa
Anggun Rembulan,5,2026-05-09 08:16:50,cepat dan nyaman
Doni eka Syahputra,5,2026-05-09 08:16:26,mantap
Briza Azis,5,2026-05-09 08:14:57,puas
Gilang Ramadhan,5,2026-05-09 08:14:06,sangat baik dan mudah walaupun untuk pemula seperti saya
Pengguna Google,5,2026-05-09 08:14:01,shopee smakin terdepan..💥💥💥💥💥
Rachelin Celin,1,2026-05-09 08:11:51,jelek banget pengiriman lama banget udah ditanya tanya ga di jawab sama shopee nya Jangan ada yang dong download.
mbahtur chanel,5,2026-05-09 08:11:08,shoope luar biasa mudahnya
Pahli Ana,1,2026-05-09 08:09:11,"pengiriman nya bermasalah, lama sekali. trus tiba tiba di kembalikan ke penjual gara gara gak di kirim dan lewat estimasi. stuck di DC selama 11 hari sepertinya paket saya hilang"
Janu Budhi Santoso,1,2026-05-09 08:06:17,"peraturan komunitas shopee terlalu kejam, pengajuan banding tidak berlaku."
Realme Narzo,5,2026-05-09 08:03:08,q iku *
Mersi Hasim,5,2026-05-09 08:02:56,kw kw barangnya jangan di beli
Rasidiq Hendi,1,2026-05-09 07:59:18,"shopee curang katanya estimasi datang nya tgl 7 sampai sekarang tgl 9 ga nyampe² malah di ubah estimasi nya jadi tgl 10 sampe 11, ga dapet barangnya dan kompensasi, sangat tidak amanah"
Monica Syahda Salsabila,1,2026-05-09 07:57:11,"pengiriman lama banget, udah mana keburu dipakee, salah ruteee hadehhhhh"
Gilang Pramudya,5,2026-05-09 07:53:43,coba tolong shope pengiriman nya dipercepat udah platinum udah member vip gak pernah di prioritasin belanja di shope udah puluhan juta tapi pengiriman nya lama banget
Aisyah Lintang,5,2026-05-09 07:49:21,mantap
Resky Luasusun,5,2026-05-09 07:47:17,apk yg bagus untuk belanja onlain
Dwi Rahmawati,5,2026-05-09 07:46:49,baik
khoirul anam,5,2026-05-09 07:45:24,"utk team IT Shopee tlg dicek lg ya sejak naik versi srg ngeleg pd hal sinyal Wifi normal,sinyal data bagus.disaat buka aplikasi susah banget"
Desi_ Natalia24,5,2026-05-09 07:45:11,mantap
Ahmad Ramadhan,4,2026-05-09 07:38:38,aplikasi ini luar biasa
M Jaidan Aja,4,2026-05-09 07:35:23,Smoga lancar
Nurdin Syam,5,2026-05-09 07:35:14,Mantap
hary wahyu,5,2026-05-09 07:31:55,di uramakan klo order2 online
Viana revalina,1,2026-05-09 07:30:58,"pengiriman lama, nyangkut di bekasi ga kelar'"
nugraha cs,5,2026-05-09 07:28:31,bagus
Andrie Family,5,2026-05-09 07:25:58,okey
Nuip Dru,5,2026-05-09 07:23:57,mempermudah belanja online
Muhammad Fajri,2,2026-05-09 07:21:33,kenapa gk bisa COD...
rizky fadilah,1,2026-05-09 07:20:52,"apk lelet pengirimannya lama bngt saya sebagai seller rugi besar paket sering balik lagi karna keterlambatan pengiriman + biaya layanan ga kira"" udh mahal tapi nyampe ke pelanggannya lama banget"
Fadli pln259,5,2026-05-09 07:20:38,respon cepat
Al Bikalunjani,1,2026-05-09 07:16:08,"Untuk shopeenya udah bagus menurutku. Tapi untuk pengiriman spx amat sangat mengecewakan. Jauh dari kata professional. Order barang udah beberapa kali notif ""pembeli tidak dapat dihubungi/tidak ada ditempat"". Padahal WA aja nggak. Saya dirumah terus nunggu tuh paket. Harusnya diseleksi lagi kurir2 yg males nganter seperti ini. Dulu pengantaran pake selain SPX selalu sampai & tepat waktu. Malah sebelum estimasi udah sampe. Setelah pake SPX ini, bisa telat beberapa hari. Amat sangat mengecewakan!"
Heru Purnomo_Axis,5,2026-05-09 07:11:17,"Beli barang di shopee selalu sesuai ekspektasi, terima kasih shopee, kalian terbaik"
Igit Setya Nugraha,5,2026-05-09 07:07:55,good
Selviauliafebrianti 05,5,2026-05-09 07:01:55,best
Sibawaihi,4,2026-05-09 06:57:34,Belanja lebih mudah
Le mon,1,2026-05-09 06:56:43,benerin tu qris lu app ampas
Jefri Nisnoni,5,2026-05-09 06:56:01,kenapa logo 100% originalnya di hilangkan?
Nurma MalikSalman,5,2026-05-09 06:55:19,baru saja dicoba belanja di shopee ini masya Allah sangat puas dengan hasilnya🥰
VEBRI Kurniawan,5,2026-05-09 06:45:45,mantap jiwa
nobon cash,2,2026-05-09 06:44:24,"mohon bantuannya pihak terkait sy transfer ke akun shopee milik pribadi kok belum masuk masuk,nominal hampir 3juta pdhal di rekening sudah terpotong saldo... pengaduan ke cs TDK ada kelanjutan sudah 3 hari ini😥🙏🙏🙏"
IR CHANNEL,5,2026-05-09 06:44:01,"suka banget belanja online disini, serba mudah"
Muhamad Samudi,5,2026-05-09 06:41:30,mantap
Abi Hasan Abdillah,5,2026-05-09 06:41:13,bagus
Mpit,3,2026-05-09 06:39:19,ganggu orang main game trs
Miftahul Huda,5,2026-05-09 06:35:39,pusat belanja on line yg lengkap
Ari opo,5,2026-05-09 06:33:43,oke
Daffa Aliefan,1,2026-05-09 06:31:26,benci sering iklan digame normal
Diboe,5,2026-05-09 06:27:52,lihat bintang
ahmad resan,4,2026-05-09 06:25:47,5 🌟 nilai malaikat.
Rika Farhan,4,2026-05-09 06:24:41,lumayan cepat
Lerman Malau,5,2026-05-09 06:23:00,mudah mudahan selama saya belanja di syoopi saya merasa puas trimakasih shoopi
muhamad jailani,3,2026-05-09 06:20:14,"sy merasa makin ke sini olshop ini makin menyulitkan buyer untuk membeli sesuatu,diantaranya banyak item"" yg di kunci yg hrs verifikasi umur ketika mau beli dan hrs verifikasi umur melalui shopee pay, banyak yg sdh tdk bisa cod,dan sdh beberapa kali sy order tp di batalkan krn penjual memproses pesanan nya sangat lambat, tolonglah jgn persulit pembeli untuk membeli sesuatu, ingatlah pepatah pembeli adalah raja jd tolong hormatilah pembeli walaupun sekiranya hny membeli dg nominal yg tdk seberapa"
totok nur kholis,1,2026-05-09 06:17:32,"Spinjam tak kunjung bisa dicairkan, sudah lunas bertahun2"
titania almaidah,5,2026-05-09 06:17:07,puas
Rozikin Bilal,5,2026-05-09 06:14:34,sangat memuaskan dan membantu
Arif Budiyanto,5,2026-05-09 06:13:24,Mantap. Gratiss Ongkir nya Keren. dan Voucer nya Gilaaaaaa Banget.
Uthek Chanel,2,2026-05-09 06:13:22,Sebenarnya bermanfaat tapi semakin kesini aplikasi semakin sulit diakses. Lelet tak bisa jalan malahan keluar notifikasi yg telah lewat Minggu yg lalu dan sudah direview . Ini aplikasi apa sih? kok semakin semrawut 😭😭😭
Tur Mudzi,4,2026-05-09 06:12:57,shopee sangat berguna
Bastian Andi,5,2026-05-09 06:09:57,good mantap
Raswin Ali M,5,2026-05-09 06:09:45,barang sesuai pesanan
Batik Madrim,5,2026-05-09 06:06:08,"Makin Bagus, tapi seller yang Abal-abal tolong di blacklist dan dihapus saja... terima kasih banyak Shoope dan Kurir Pengiriman yang baik hati..."
MamahNy ZaZi,5,2026-05-09 06:04:42,"Keren hrgany bgus dbanding yg lain,lengkap qpa aja ada bsa gk si adminnya jgn bnyk²"
Fairuzsedih,1,2026-05-09 06:04:28,"aplikasi bagus buat shopping, tapi iklan nya di tiktok Ama apk lainnya g ngotak, jadi ana kasih bintang 1 aja 🗿"
Yosef Yosef,5,2026-05-09 06:02:53,pelayanan:baik
Ika Rostika,1,2026-05-09 06:01:20,"benci bgt sama iklan shopee, karena ga pencet apapun selalu ke aplikasi nya. ganggu tau ga."
Beta Hasdin,5,2026-05-09 05:57:55,"shopee mesih perluh melakukan peningkatan manajemen, krna kadang barang tdk sesuai dgn pesanan"
Andri Oppo,5,2026-05-09 05:55:36,"dengan ada nya aplikasi shopee saya belanja nya lebih mudah,mantap lah pokok nya"
Lusid Rahmah24,5,2026-05-09 05:41:07,Belanja lebih mudah dan banyak toko pilihan.
Rezza Pratama,4,2026-05-09 05:35:02,"Kak, ini gimana sih. katanya nyampe barangnya tanggal 7-8 tapi sampe sekarang gak nyampe nyampe. aku pesen dari Senin udah seminggu ini gak datang-datang paketnya. mau dibatalin gak bisa. pas udah proses pengiriman tiba-tiba pengirimannya di tunda udah berkali-kali kayak gini. sumpah udah seminggu gak datang-datang ni paket."
Abdul Ghofur,5,2026-05-09 05:34:25,bagus
Lilis Rosini,1,2026-05-09 05:34:15,sering llouding iklan shopie sangat menggangu di hpku
Mis Teries,4,2026-05-09 05:31:37,banyak barang palsu
Zaki Uranus,5,2026-05-09 05:25:54,bgus
Siti Fatonah,5,2026-05-09 05:23:53,Shopee belanja lebih mudah
Arsa Sitepu,1,2026-05-09 05:23:38,sering keluar keluar
bondan w kusumo,5,2026-05-09 05:12:50,"good price, apalagi kalau pas tanggal kembar"
Arfan Aisyah,5,2026-05-09 05:04:37,Sesuai dengan pesanan
Munawir Soleh,5,2026-05-09 05:03:34,aplikasi sangat bagus untuk belanja online
Muhammad Febriyadi,1,2026-05-09 05:02:53,gak bisa di donglowd
Asep Supriadi1830,3,2026-05-09 04:58:04,nomer ID Anda terdaftar di akun ini.. padahal sya blom pernah daftar shopee ga jelas
Indah Setiawan,3,2026-05-09 04:43:13,"untuk pecairan limite spinjam sekarang lama prosesnya,,, padahal saya bayar sebelum jatuh tempo juga udh saya bayar2in cicilannya."
Rudi Nugroho,1,2026-05-09 04:41:14,"Shopee makin merajalela ngambil kendali di hp ya?! lagi nonton drama, ga pernah mencet ads ataupun ada iklan shopee, eh tiba² ngebuka shopee"
Darma Yanti23,5,2026-05-09 04:22:42,belanja aman
Samara Khairatun,5,2026-05-09 04:15:29,maannnttaaappp
Cecep,1,2026-05-09 04:12:24,paket datang suka telat dan main rerur aja tanpa konfir masi ke pelanggan
Nadin Fitri Rahayu,5,2026-05-09 04:03:01,mantul banget aplikasi ne shopee nyaaa bisaa belanja tinggal tungguin di rmh gak ribet jugaaa
Wahyudi Ariqin,5,2026-05-09 03:54:27,Aplikasi yang bisa saya andalkan untuk berbelanja online utamanya.
Aty Formoza,5,2026-05-09 03:53:49,Bagus
Gina Eka wulandari,5,2026-05-09 03:50:48,semua kebutuhan saya beli dishopee
Fani 1234,5,2026-05-09 03:50:02,"saya senang dengan adanya shopee,memudahkan kita untuk berbelanja,ya walaupun terkadang ada juga datang barang yang dipesan tidak sesuai, tapi kita juga maklum,itu bukan kesalahan dari kurir,tugas kurir hanya mengantar barang,ya untuk kedepannya,semoga kedepannya lebih baik lagi"
Rizky Amelia,1,2026-05-09 03:43:51,"Spam iklan berkali² dr aplikasi game dan muncul sendiri tanpa di klik itu ganggu banget, ngiklan yg wajar aja shopee"
TotosHartanto,5,2026-05-09 03:43:11,belanja lewat shopee pilihanku
Rendi Asland,1,2026-05-09 03:16:19,pelayanan shopee untuk saat ini sangat mengecewakan paket stuk berhari hari tidak ada pergerakan lebih lanjut. tolonglah kedepanya lebih diperhatikan keluhan dan complain para costumer
irfan adinata002,5,2026-05-09 03:11:37,shope memang sangat menyenangkan sekali dapat belanja dengan mudah tanpa ribet😍😍😍😍😍
Aulia Firdaus,5,2026-05-09 03:10:09,seru sekali aku saja sampai beli kucing
Icha,1,2026-05-09 02:54:04,Jijik. Tiap kali buka aplikasi lain malah diarahkan ke shopee. Mana tiap kali buka langsung ke videonya terus. Aplikasi rese.
Muhammad Andriansyah,5,2026-05-09 02:49:48,Bagus
Muhammad Zayyin khuluqi,5,2026-05-09 02:27:40,kurang
Urip Trimurwani,5,2026-05-09 02:14:01,Oke 👍
Rizky Abdillah,1,2026-05-09 02:06:11,LAMAAAAAA BGTTTT PENGIRIMAN SHOPEEE SEKARANG KECEWA BURUQQQ
Keannu Akbar Putra Hidayat,3,2026-05-09 02:03:45,untuk Shopee sebenarnya kalian bagus tapi lebih awasi driver kalian makanan saya di ambil driver lalu untuk pengembalian dana cukup lama sebenarnya kalian bagus cuman perbaiki layanan udah itu aja
Nniee 89,5,2026-05-09 02:02:20,puas
Patimah08,1,2026-05-09 02:00:24,bisa cicing teu si sia shopee aing teh ker maca wp teu mncet nanaon tiba² langsung sa shopee jir ganggu nygo teu sih sia teh cicing ngajedog waktuna di buak jng cekout nh ke gh di cekout ulh ker maca wp tiba² beralih ka shopee pan ganggunv jingan sajam cuma bulak blik wp jng shopee doang ganggunf ajj ngajedog bisa kan bngke bngt
Leo Morphy,5,2026-05-09 01:59:25,ya lumayan lah walaupun kurir nya ke eek
Cyy Ci,1,2026-05-09 01:58:24,"STOP MUNCUL ANJIR, LGI BACA NOVEL TIBA' KEBUKA APK LO☺️"
Keisya Azzahra,1,2026-05-09 01:55:41,"loginnya susah x, ud verif nomer di wa tetepppp aja suruh verif email lg. rIBET sulit aneh."
dyla Kecil3131,5,2026-05-09 01:49:49,bgus.
REGA RENO,5,2026-05-09 01:47:55,Mantap bagus cuma paylater ja gak naik² ud 3 tahun
ariefbachtiaRP,5,2026-05-09 01:37:11,kenceng abis shoppee josjis
wanda sonia zakiyati,1,2026-05-09 01:34:08,Aplikasi busukkk..
Nabila Nabila,1,2026-05-09 01:33:18,"terlalu banyak endorse/iklan sampe nonton YouTube pun tidak tenang karna ada iklan shopee dilayar, sangat sekali mengganggu"
Sugi Yanto,5,2026-05-09 01:25:53,shope jaga percayan nasabah ya kirim cakep dan cepat saya suka shope
Doni Sofian,5,2026-05-09 01:23:10,membabtu
Nizar Kresna,5,2026-05-09 01:22:19,"Shopee adalah platform belanja terpercaya dan terbaik. Tampilan mudah dipakai, barang lengkap, harga bersaing, dan pengiriman aman. Program loyalitasnya sangat menguntungkan pengguna setia. Sangat direkomendasikan, pertahankan kualitasnya!"
Din Ss,5,2026-05-09 01:18:39,adanya aplikasi shopee ini. sangat membantu kebutuhan pinansial saya. terimakasih shopee. semoga selalu jaya. 🙏🏼
Dayat Ahmad,5,2026-05-09 01:12:30,mudah dan terpercaya
Lidya Meitri,5,2026-05-09 01:05:13,mantap semuanya lengkap
Rado Michael,1,2026-05-09 01:05:13,iklannya maksa banget untuk baitclick
Free Fire,5,2026-05-09 01:00:39,kerana lebih mudah kalau mau beli barang gak perlu keluar jauh²
Ika ratih,5,2026-05-09 01:00:13,bagus
Firda Salsabilah.S,1,2026-05-09 00:57:20,Makin marak seller penipuan tolong admin aplikasi oren ini lebih teliti lagi terkait seller
Ira Nurhayana,5,2026-05-09 00:55:47,barang datang sesuai kok sama pesanan
Rusdyanto Anto,5,2026-05-09 00:42:46,good
R-PIEY,5,2026-05-09 00:39:30,mantap
Abi Yasa,5,2026-05-09 00:38:59,okey wort it
IRWAN,1,2026-05-09 00:33:46,Makin kesini makin busuk ide tim UI nya. entah kemana fitur pesanan diterima nya dan juga riwayat transaksi shopeepay malah ga diprioritaskan dihalaman utama. bd
Sargo A,3,2026-05-09 00:31:50,"belanja makin pusing, udah kaya buka app medsos/video platform, tolong balikin ke marketplace"
Uki Doang,4,2026-05-09 00:31:33,trkadang trganggu dngan bbrpa kurir yg tidak amanah yg suka melebih2kan harga..knpa gk kya dulu sih harga trtera di barang nya biar gk ada pmbodohan trhadap pmbeli dan kurir pun tdak bsa brbohong soal harga
Sayyidinahmad,4,2026-05-09 00:30:38,membantu
Mira Noel,5,2026-05-09 00:27:08,Oke Nice
Baihaqi Fauzan. D,1,2026-05-09 00:26:46,banyak iklan dari aplikasi lain anjg nge ganggu
Symbol Symbol,2,2026-05-09 00:20:21,"payah Shopee, telat sekali aja langsung diblokir berbulan bulan ... gak liat histrori2 sebelumnya gk pernah telat, aplikasi sebelah krdtv* aja bisa dipake kok... sudah ke cs berkali kali pengajuan gk ada hasil. yasudahlah."
Andika Harry,5,2026-05-09 00:20:01,lo ngasih promo besar jangan penguna baru aja ya. biar kita sering belanja...
akham Luffy,5,2026-05-09 00:18:41,good
